"subj","alpha_mean","beta_mean","gamma_mean","tau_mean","logit_alpha_mean","log_beta_mean","log_gamma_mean"
1,0.547353504185707,39687608.9391492,1072636982744646,-0.123554324892902,0.682589894698037,-2.42498175036017,0.0234085401962092
2,0.409342347534508,147446260.633062,62017412527212.9,1.1875005785574,-0.676616987068982,3.28520701493011,0.877048879976994
3,0.380536643844662,254607679.758902,1384736518563.9,1.11560163673362,-1.21212508600993,3.12722606812179,0.4896628199587
4,0.413872342406002,7347798904.96839,639876585038.475,-0.419290456732202,-1.88363885838877,-4.17644766814114,-0.448678646171453
5,0.383752573652246,31825960.2379506,76187022181210.4,-0.792967276362009,-2.36683090014545,-4.48586778217693,-0.812077940109084
6,0.518512655774198,30652242712.995,2360070030872.69,-0.0687269218521833,0.700509169446134,-0.837904667524812,0.170538092960744
7,0.413503722917906,62466690.5109672,11484021705974,-0.577950779815922,-1.64296697418646,-3.1388666480101,-0.334020533680854
8,0.369521753226176,8783608112.16933,17903120694472.5,-1.11109965647182,-2.79940331457321,-5.16749814707979,-0.71978209943786
9,0.35762267941329,15415528.1032192,1518912207121.61,-1.08908123921861,-3.0992381155515,-5.74807619460445,-0.689519858653233
10,0.358479517764162,2008673.16193471,2711988613089.25,-1.02352876598494,-3.08553604147867,-5.031563256402,-0.815285960226028
11,0.411659017867366,10270509.7706335,2054277983528.73,-0.574719950601916,-1.96048899593327,-4.25309348538267,-0.446553630353167
12,0.384667048244752,323207715.837543,2742418942547.2,-0.531284472400849,-2.09974981770543,-2.89535395378302,-0.544192515163893
13,0.359103973494321,13673753.0165834,380485333220.628,-0.843305303969948,-3.14190789025534,-5.68901049620455,-0.835561430970824
14,0.365264556314542,749438473.83441,19223458562728.8,-0.408529737240744,-2.51749511243281,-2.68890357369253,-0.553728211622369
15,0.387860951652223,15572514.6333773,1356065314833.31,-0.146837002491231,-2.06315592122448,-3.2643587487631,-0.387512789718797
16,0.368641987636348,1362414.58836813,1913825602862.28,-1.03972412710717,-2.87631366664422,-5.94148572919301,-0.818440191456761
17,0.362921725005992,1487971.48252522,62596101582129.4,-1.10280103476315,-3.03984230995574,-5.88418009248882,-0.821311499084604
18,0.420162380691474,697163236.938774,23239949479010.1,-0.318712378069716,-1.67270188854955,-4.23024651818337,-0.532297968556252
19,0.361151095126221,38424812.9537159,1046693537397442,-1.25770761136449,-3.13655756912663,-5.69867354129982,-0.674344251713283
20,0.376584744868879,1346047.2238375,24232494543.4739,-0.86905359496596,-2.83436736652218,-5.66085674977841,-0.983308155194429
21,0.379871271931543,3466829.40875077,5009306864988.99,-0.812471257310802,-2.44245495231255,-4.85001473970978,-0.499204887856662
22,0.378452564700621,13592468.4093552,207648352141.552,-0.957699508837245,-2.71929539935686,-5.68895528777208,-0.800921136977023
23,0.400622244511223,41364716.5217432,3537316694255.62,-0.540763001154432,-2.23417147645554,-5.22159462544301,-0.782330393409599
24,0.380357482583338,5876095.10738168,497315653029.15,-0.653732699970897,-2.49139077989454,-4.5100178481662,-0.389007496531131
25,0.451252447999501,365585409.323073,916736863722.147,-0.693087167342817,-1.01657428835095,-3.5905492294539,-0.604269695320813
26,0.332309406364355,279531033.688031,545713485725.016,1.00615883834724,-2.16016582998039,3.10204562678312,0.711012567977944
27,0.367383332617815,25327269.3858826,302443650737099,-1.03549454959046,-2.8819926145441,-5.44740165390342,-0.739639736052446
28,0.378362909298987,33283817.9469368,939135503416927,0.12083483445402,-1.75046278495655,-0.486057352128605,0.163937382283704
29,0.460297040612881,61828538254.6835,578761630210.776,0.951542050532921,0.0211602011021518,1.82676423669685,0.553016782886713
30,0.45417918622516,280111986.245741,21240962989079.1,0.951338691872225,0.168137774589204,3.45406954610031,0.748414206115962
31,0.554906817159709,8049770.57391988,916925286953.159,0.404825316733743,1.20009562323693,-1.02336529621735,0.355879316009062
32,0.44794830746959,4760347911.02072,12272400982117.2,-0.591811289885179,-0.725367966832493,-0.947493851437166,-0.168982561402138
33,0.380074785040581,1329447.899905,463476158107.46,-0.698911041074612,-2.76641403278063,-5.3032233147665,-0.655323755737366
34,0.396563408707035,70312927.4317093,13577664708819.4,-0.404183729639181,-2.22999527976667,-4.07181934533416,-0.420051061001824
35,0.362466415845254,795801.989068737,24336121948428.2,-1.0540991707173,-3.02839468139107,-5.45245752245027,-0.535122811399835
36,0.357934133773381,27188356.568984,23685320802523.5,-0.851160429493316,-3.29602688945243,-5.45288509365936,-0.730628274661473
37,0.36913602445482,1293730.7404218,11245793564383.2,-1.03578935857662,-2.85553088982969,-5.68087401685824,-0.650519144136717
38,0.362562395770132,87608428.2182115,6923981178104.34,-1.16235223970045,-3.08455808159492,-5.02843641831508,-0.724433206235599
39,0.356802330308425,67417253.6187866,512437850387.991,-0.963332343769798,-3.14670535409342,-6.01184297355137,-0.784015115258816
40,0.366098629839156,1590627.28235171,1655325412778.73,-1.12737501268047,-2.95623799480939,-5.83799548316438,-0.684174434305989
41,0.492705292623687,104183455.060182,28863040283830.7,0.628917479491822,0.754001023109058,2.78492876021277,0.46889002213826
42,0.364841944166918,10160571.4031745,9683357564534.22,-1.02366990506631,-3.10534005264994,-5.72270316635001,-0.883918617749942
43,0.382594886327897,11380904033.0891,1196475879007.37,-0.552499561844865,-2.51242704015266,-4.48088709818152,-0.524085706334953
44,0.366279013307466,29770995.2709597,37543635155140360,-0.97077211735396,-2.98955325744292,-5.33899786372364,-0.741423318344158
45,0.391177993849546,596803508.860657,14777039902495.5,-0.726178479709225,-2.24065431360105,-4.37652096649707,-0.572314004767153
46,0.348827509789265,2272898049.98381,21259150758655.1,0.176533810218653,-2.17503530072685,-0.259980043749339,0.347255481162552
47,0.391580661918469,15690890.5758032,154793532557.342,-0.752289773914368,-2.17355001837239,-3.8649178684837,-0.442448619200953
48,0.63237414106537,302933995.715442,1463032120136.77,0.764845104562179,2.75883153857801,0.383101824353322,0.222350837550551
49,0.36093573554004,46236376.7864298,198431710958.045,0.0697392189561078,-2.16494914713964,-0.664277960283345,0.0580439484703312
50,0.411525486124864,20440658.3574966,28005251552821.3,-0.580067291041813,-1.91938389702065,-4.12671323221682,-0.641708618857007
51,0.359569469057954,77360274.7079074,56590418161246.8,-0.579369499612378,-2.35037882112183,-2.3183225113359,-0.170828158347903
52,0.367107400793186,61624009.526597,268977450803.925,-1.06222117577811,-2.99174939961707,-5.75254137767721,-0.764345343163775
53,0.771470902956443,259540457.898087,1652327349090.06,0.830229270794455,5.38471340474984,1.67173707714135,0.366185096370649
54,0.422728794859165,156621815.06545,852434499616.207,0.503342333118987,-0.898524686472025,0.790773086579904,0.226878910109583
55,0.350000777435304,130822361.228115,5314001415040.66,0.460319191653839,-2.19881540666434,-0.0105663248470711,0.321946721515347
56,0.369593101606542,1737711.54033696,315134973592853,-0.929259691089983,-2.88287943082724,-4.94912826566785,-0.788191478013804
57,0.374425545020573,16688726.6030784,455992511694354,0.0464583351095327,-1.85381046382523,-0.849401843421274,-0.00681471516637422
58,0.448267757032584,9719054.07040148,2574044762643.11,-0.333829841049979,-1.00836157563761,-2.52370038026634,-0.432365486488582
59,0.361868239624539,50715759.9263813,48192467056049.1,-1.05888465289482,-3.06266710104419,-5.58356126382578,-0.822087227410365
60,0.457761652131013,523855184.321901,854367923922.489,0.0833479600598285,-0.337467886568147,-0.257917998120827,0.0429751544402114
61,0.376607556474693,1575062.67069876,677379515481595,-1.09188663915424,-2.69615869330627,-5.48004759959051,-0.599018324107809
62,0.401501121614864,48217304.0979244,15838376846105.2,-0.479706954216732,-2.1125293730524,-5.04433962759944,-0.775832697125593
63,0.269930578402366,39253814205.8599,13811439704764.5,1.0646678432952,-2.98035830251167,4.00116780930043,0.845186697265864
64,0.359944103710328,17059998.3696385,2170340677868.97,-1.20990960978819,-3.07374013106179,-5.68791769194924,-1.1336290260313
65,0.753335024885533,8817861.63713757,940708954702.627,1.06862749282669,5.02129477808209,1.23744523407548,0.446816468659477
66,0.375826960495318,696781051.847086,2299019185872.75,-1.18464389313915,-2.85311386643121,-5.31302546451906,-0.792653902578499
67,0.357767741208409,2923810.76573666,9622350566209.95,-1.09557585836864,-3.20675992431699,-5.75569007753624,-0.93042831505711
68,0.361036679313174,5399770.64051674,336410816808.39,-1.01489832240922,-3.00608165803287,-5.88250589551921,-0.661922559454574
69,0.389239147380474,2895479.6106824,6209077932696.04,-0.947136583808346,-2.37017686940167,-4.78344541362677,-0.636104646976538
70,0.367027156795449,342539.042733187,36949916467544.5,-0.71436589757969,-3.02734927997048,-5.72445568551224,-0.518725941989288
71,0.464386312162584,540748327.10625,675866174876.209,1.16538846690701,0.526145093335193,3.89431966902199,0.606831175199385
72,0.40326702237996,380257254.487747,32700716141384.6,0.5655734510608,-1.20601519298828,1.3596658508126,0.530100917197957
73,0.46298512837578,1142715120.03826,7371317873531.23,1.18126558752881,0.40312201297782,3.14865018386842,0.544832011856464
74,0.568404118471272,14181090.131868,283642734525.545,0.154354826512378,1.22992133381168,-1.78580273981506,0.10447422321419
75,0.36997278108563,4073486.21380217,1401753751991.45,-1.06269652988566,-2.77657938426397,-5.11648731791838,-0.710161438818981
76,0.37026641125836,2845974.30436418,412556679254.967,-1.0128975970672,-2.97279840263822,-5.60371762387485,-0.832881274773232
77,0.372027302252295,2988206.05598942,2815921915099.9,-0.983619121416888,-2.91256873789228,-5.70574797299763,-0.710787285148282
78,0.363643805087779,18473486.7399175,1315225728355.12,-0.722363382627804,-3.03177657981797,-5.8405934445818,-0.787886713475696
79,0.364909953207111,2012734.50331799,2259303289625.08,-0.504700353744482,-2.64259723530688,-3.87344262925965,-0.583640904021452
80,0.529702491171834,36725931.9235202,283078801620.32,0.44542828436515,0.914835826889542,0.618553391890601,0.407751019088886
81,0.374376961740372,62295163.7937256,6864251929678.25,-0.843010406386123,-2.76605921583667,-5.28032697579286,-0.614968665987391
82,0.416814408558122,151368922.599864,264714465815.474,-0.443224417510162,-1.46613174588218,-2.56012226112708,-0.459305061250781
83,0.376819440068954,3360799.32813564,217545978552.069,-0.950445255396253,-2.8809995854752,-5.58237976508897,-0.621498327476487
84,0.374274444675163,40325376935.4311,4118284887564.9,-0.692790616340446,-2.62851594359415,-4.65482848830477,-0.414667078296486
85,0.391709242452778,22025479345.3447,1168612441600.91,-0.551113056753747,-2.0137176461063,-3.01970609830851,-0.416388019343431
86,0.355763019231737,12606440.996425,3267151597125.6,-1.06847074072358,-3.17694718519226,-5.78191226006979,-0.80047950282596
87,0.368993423965047,3539168.30064136,13598260048273.6,-0.962867452385836,-2.97361464577668,-5.78526480043342,-0.851491543219742
88,0.381688257391112,3200453.61048969,1281293910624.73,-0.885752384930843,-2.72484952125918,-5.45138293125646,-0.877961960802781
89,0.360081938558074,13852574.9234154,1751709649531.99,-1.11373628454675,-3.06261654440471,-5.61562953463731,-1.03560617293154
90,0.381891377478887,16528863.9856817,1950191686418.13,-0.685782629441076,-2.48997578143615,-5.10817566265738,-0.813691156479303
91,0.451236720864521,71107615979.5414,6768914846887.42,1.15017125456545,0.11596508072742,3.48027948329174,0.877433542579268
92,0.427532879854654,14435502.2360054,61707189813.1961,-0.273500076065443,-1.39422025564233,-2.91343680924456,-0.227128844903171
93,0.375077986398742,178136762.971505,197093697077.687,0.0144341878749145,-2.23489784615098,-2.40815958809647,-0.147925000865003
94,0.376619735345107,4769102.77282273,45703607631.6869,-0.950337297947862,-2.73801095969162,-4.73328565563911,-0.676544161392026
95,0.371477824829072,1737168.68085266,365653083395.544,-0.881376548072926,-2.80061298798119,-5.3318283842702,-0.73850611997643
96,0.379716982136281,1102424046.71887,3005937205232.93,0.671195327546838,-1.40465819681244,1.27481640407353,0.557464799015425
97,0.361263371369088,1428396.39527418,845606555224.09,-1.03671299792423,-3.12219764509028,-5.59367335652333,-0.868583027355189
98,0.502353715593734,58824416.4222596,693543220784279,0.199188142208878,0.217968949511459,-0.93156371592453,0.00878965933081863
99,0.372294363092277,38519021.8525241,1184637567947.2,-1.10466570891504,-2.95788491121306,-5.5105912814393,-0.648816854417823
100,0.388040542186486,103206919.5495,12265795540261,-0.225567066644504,-1.9881101560377,-2.9719432811899,-0.395084733721023
101,0.39833393645115,47272858.9353843,388483025204752,0.806233755772614,-0.902144974057609,2.46249855038828,0.511795851022812
102,0.4532928571525,3747901.69743157,185072196124.29,-0.384764451885001,-1.08558326395033,-3.58477093292802,-0.218978511866359
103,0.438646938867373,385159490.323047,4232044862887.38,0.774474128734644,0.0308951960050592,4.0150230932195,1.07239803395772
104,0.417867378433514,41942027.1747422,991096132884.296,-0.6461447656592,-1.82690191376869,-4.49246273169364,-0.548471405798076
105,0.372463724703529,5799793469.31516,929862846385.586,-1.05002301482739,-2.90348918286674,-5.49397568269761,-0.688401351426185
106,0.360407377397776,68008876.9325031,63664530506865.9,-1.25056993603262,-3.16835129213795,-5.43634290746036,-0.825436282333437
107,0.44432398285407,344753042.105191,14837996682851.6,0.581048778227538,-0.175645363738911,2.14269072256826,0.447283471995918
108,0.395905451886713,268455449.272483,620356858124.71,-0.361677516161428,-1.88261703348303,-2.933070111926,-0.238309651925976
109,0.374685846377356,56693260.3660989,28190778186600.9,-1.0752740521306,-2.76593769640464,-5.3863842403426,-0.809643328461464
110,0.380366796790083,282115426.367691,3072859952652.08,0.416834806649615,-1.65711711071723,0.752303921711658,0.47701246146407
111,0.407910243090165,12241143.7695216,1321451846356.67,-0.590338059548893,-1.8735023266309,-4.00555964766998,-0.521649287317127
112,0.362253740615213,13920662.2463867,293343274149.065,-1.1852401568594,-3.09831096246929,-5.72663683138561,-0.723070894512139
113,0.398684554093308,85852155.874826,74151836995956,-0.849118983782461,-2.17226378388949,-4.68818527647587,-0.45499864560468
114,0.344775575706377,1002474448.98499,1226892352829.98,0.0321165916942036,-2.45244807589854,-0.745525779200498,0.0431847183231674
115,0.359541991180014,32834270.057671,695364175152.291,-1.1430715546395,-3.08628157853001,-5.97460178641038,-0.615512506455399
116,0.36388574795931,1297142.8734332,41841258986.7483,-0.915005473348922,-3.06561104053558,-5.70410653696881,-0.545415241632804
117,0.349989863835802,779057216.509868,62500094973051.1,0.56273960008119,-1.91573430831789,1.81462227261942,0.631470915219869
118,0.328698662383037,241888781.030055,275071070333373632,1.34704597723459,-1.76784840304846,4.72830240050112,0.667064965017288
119,0.355369381329285,1185765.34931948,165775491394.145,-0.887142549189618,-3.23271786543841,-5.67002339545492,-0.73141937553694
120,0.37726045994969,158773909.79179,68361101907610.5,-0.682411118558476,-2.6591462592053,-4.7907598949332,-0.759048732011006
121,0.433587195238995,19646556.8065295,1415740631270.03,-0.58707058593675,-1.34154024863994,-3.67542610129763,-0.567585886776658
122,0.361462566089319,9945273.17787589,633360043979.691,-0.76581224924503,-3.03406094471159,-5.49317307334078,-0.83784799047418
123,0.553956819258653,46110011.6635991,26242213172265.7,0.670632229153953,1.5696587222767,0.900124007228053,0.589858438697188
124,0.38371408083811,3832872.896716,71395992492464.2,-0.803409953989679,-2.54936122755075,-4.68088510805032,-0.700471684255577
125,0.337210319857477,4440427617.92375,4194959191659.2,0.46788121652041,-2.22992897092419,1.24409570130241,0.422832266963376
126,0.372160700023903,27717732026.308,535444792051.632,-0.937416922343668,-2.79823063166616,-5.4534536213566,-0.898364553437709
127,0.370242779307184,21241885.0823144,640933309141.467,-0.730255076622785,-2.65473220720538,-3.85786769826581,-0.588585928940102
128,0.384540555480555,3735020.27726698,495098480728619,-0.246687666198566,-1.98624543874033,-2.52859624320694,-0.214274041040542
129,0.377554623098879,1784996953.89641,4055767181549.91,-0.501097943089631,-2.18731440509164,-2.04177489271768,-0.00901774421433403
130,0.463148967033751,224838748.033359,346732968975.355,1.18804095899124,0.581826652169474,3.98482015904683,0.715118252759398
131,0.349476318484534,1804234.75153825,1802356075451.07,-0.833819450682483,-3.31030555567763,-5.79902160441589,-0.635398877285365
132,0.387232980682277,2702006.17368913,24841112958056.6,-1.14346959767046,-2.48867707499146,-5.20402188834342,-0.692220707953663
133,0.356126139080588,3661930.19947068,176404338964.022,-1.07932062686813,-3.23415013705694,-5.6982693559184,-1.06531665350498
134,0.4838044938156,72459850.1608559,2563107006736.8,0.0811092740939474,-0.237262589702433,-2.48701578870348,-0.133361178284357
135,0.358259758478306,196002930.449308,5240391881617.91,1.00990169204865,-1.49062676763695,2.93388174523641,0.738152664221259
136,0.387831080649668,189469640.84881,2649469624477.94,-0.76534023152046,-2.41496061384603,-4.94589373835829,-0.688316519754928
137,0.455084239291994,401325997.246926,332890030841170,1.01432477609462,0.27356383576898,3.13338217125876,0.802283493596714
138,0.446144269728768,43229274.9060768,40180043454496.1,-0.11054425280029,-0.902718128917733,-2.4049966129113,-0.06248988664423
139,0.397589587922269,3743810.17510585,10619761827437.5,-0.560291968467357,-2.34153713245469,-5.21221952812164,-0.629846958475494
140,0.372618456516571,993865966.736492,33681393807256.6,-0.839297292874944,-2.80055729151122,-5.32471576892485,-0.54559136087504
141,0.377154268804846,11812968.6077748,2514202282686.24,-1.16018086627675,-2.72609568298913,-5.43817059988134,-0.870314457910774
142,0.367000600873192,760683734.582557,1198468512954.87,0.266869340767379,-2.29498252806706,-1.14075887658857,-0.0867247425807479
143,0.390028230330841,3571296789.2407,13880922121434.2,-0.137580715358877,-1.99389508181118,-3.010090726301,-0.153492881801695
144,0.413905157892337,83941980.641378,1629318535002.37,1.20395951973328,-0.515480815034256,3.28798324236113,0.728387275112153
145,0.362312958159271,380196004.446565,642662807455.31,-1.07256130433054,-3.04084377536679,-5.7396089515107,-0.657496262116765
146,0.361180888142059,6059927.97740554,304865875169129,-1.21881741593059,-3.09368943171596,-5.59790609862994,-0.870224308040469
147,0.499002034872879,880126044.200657,5380823191635.21,0.885363164657059,0.943991585546669,3.71241004762634,0.83188312375423
148,0.479714622886969,615986258.00551,27576846456226.4,1.28809508066423,0.530402272540327,3.05165397909188,0.425465462197803
149,0.378993667160854,9211952.19152255,460727986368.776,-0.665704903259855,-2.36797443967094,-3.62774871197513,-0.561112426031692
150,0.391163217250194,43218389.3227236,2057388939170.88,0.413141019651467,-1.63987538214914,-0.382998809167675,0.111635567146789
151,0.373293267548838,2296850.71984564,3564936907626.94,-0.900636875984121,-2.8610574138651,-5.39945872649274,-0.613733905622148
152,0.399677448448997,2795863222.19141,2219892074923.43,0.569506456225187,-1.04267958289532,1.53183866862725,0.44375505659513
153,0.377187764765122,2009148.11854717,77524191689.0135,-0.821532551793694,-2.70813830822964,-5.32684799880637,-0.809984517735624
154,0.423346823136102,2890352265.07119,3809340655158.72,-0.487376604622771,-1.75914132010523,-3.99188988366563,-0.248308358156464
155,0.409306420147282,111001522.105496,575357178420.043,-0.306852421832854,-1.63038979150448,-3.09969897221192,-0.300142051358089
156,0.520456392243987,9791874.2669015,124293385429507248,-0.217218178941604,0.401509903883557,-1.85305615843116,-0.122477265120459
157,0.388613022475324,6760738.04564097,104253537001058,-0.98536445418328,-2.31229204445351,-5.15940284121941,-0.68279904425824
158,0.377010409554163,3006698.31275031,65249674564260.4,-0.790345338476727,-2.7353430347008,-5.61264435430332,-0.651210081807684
159,0.412933410940965,22251592.6345864,124553885963.14,-0.856087322005918,-1.77002465282966,-4.32983702679153,-0.432669844223348
160,0.360062795495453,28770291.2797402,146572618328.786,-1.22374615481124,-3.03401817843463,-5.83046497027777,-0.902120210983777
161,0.464569592342228,550566389.362372,512218872186.892,1.42115731712494,0.293763594511779,3.29279579738464,0.624546203430636
162,0.372546507254456,153663509.777675,49974256310049,-0.487591366753278,-2.60834283800793,-4.27552273591403,-0.562046192582142
163,0.352136235992602,39040359.9183955,793898976183.063,-1.06383193461513,-3.35975912513405,-5.5699271279708,-0.769298092321118
164,0.392409423101881,832823384.07904,103048665861506,-0.1864897643063,-1.78221569836967,-1.28094459725562,-0.244752418605504
165,0.434658346808783,1613809456.71819,1310171544371.81,1.10598293815458,-0.190490928356659,3.06267427968721,0.914277171292914
166,0.471894215808598,1021978716.15464,1749624566219325,0.386552545134601,-0.166398778903077,-0.159719410766415,0.212017446589494
167,0.365206735487778,11808522.5112931,349089812591168,-0.989264577869536,-2.9405713084781,-5.57425142011767,-0.779952331546199
168,0.357794861093133,839256374.180076,105146343805503,-0.913407880223367,-3.1839253207653,-5.78392496716576,-0.658950130987245
169,0.458115532019788,150778960.273912,536673560607.22,-0.194778613691052,-0.416730133975914,-0.745220426776605,-0.287220746688772
170,0.400191129403103,84965131.6096083,5250612434868.78,-0.358609274933189,-2.02235243932875,-3.87441239628718,-0.551285155181324
171,0.37838003195762,29177364.7404026,241274832277644,-0.796543706077619,-2.54067000346441,-4.74052914636066,-0.626865682235621
172,0.367846032987327,1430044.90446628,860178959807.215,-0.996601718275611,-2.95719073480571,-5.4477063741504,-0.628027248327663
173,0.576596981451926,12860052.3320247,503969313499.047,-0.339468662245722,1.36598996220786,-2.98081744767048,-0.0941076389161237
174,0.361531508552067,243877033.699766,1754185481374.67,-1.07906022432678,-3.10830306668492,-5.74140588809613,-0.972476845618446
175,0.385191948870608,2113141921982.55,874250589282.736,1.19925477562312,-0.899432126679159,3.23386465665067,0.488754950837713
176,0.420977763323158,10013123.7515592,4788569630281650,0.292383563403126,-1.10124273971085,-1.43385450179406,0.10996298550359
177,0.443141811742959,1700607.30026476,887713839486.776,-0.843075346194395,-1.32795873029586,-4.32229884273267,-0.655103243316718
178,0.388401315636992,491928820.164608,239789498497.525,-0.797549430461664,-2.36796354565815,-4.68171699903558,-0.59740413297178
179,0.397418296861684,12796221.6833978,504177726999.504,-0.942346894497353,-2.19376863197186,-5.10100730990995,-0.733633311355184
180,0.38031331846807,32106964.8295244,262643390211.772,-0.674748032775131,-2.85749157372264,-5.15242610189218,-0.641649542954728
181,0.404220977443382,586228443.818648,270686356685.493,-0.41263827850314,-2.10722041229631,-3.84799319549548,-0.321757237689212
182,0.656469897013212,114660494831.686,642184290880.183,0.956421953276194,3.54913985248307,1.60794365191194,0.622621434799681
183,0.450595125885388,6295099530.17838,574777494681.038,0.499174213294466,0.356214586608654,3.67594164959956,1.02288540360815
184,0.466153547018048,36993769.3288664,388240988705.355,-0.0693203478053814,-0.582701977093672,-2.83500660132202,0.0359047172452654
185,0.455440176758146,3413248.16302755,179930075141.928,-0.479450160533845,-1.14386676511791,-4.50780953803898,-0.397895634359141
186,0.425277721603071,603863993.004562,853277829050.699,-0.725529969036239,-1.73869838396839,-4.40960985938863,-0.708154005678622
187,0.373513307061441,10538122.3343162,8558758008807.09,-0.846357729268577,-2.72063039773727,-5.20995770725495,-0.443623225256366
188,0.389243483371034,8990819.09399644,4018337197195.95,-0.616478326880861,-2.46063673655606,-4.54708115192101,-0.743924778734162
189,0.462499103577215,774632881.795719,143059081885765200,-0.411701884306095,-1.02706147932187,-3.77895336736625,-0.510471078489537
190,0.402007432013885,30182520.0700396,550757118741.5,-0.692957331527945,-2.12881821783634,-4.38153725912393,-0.396797100886354
191,0.367155639458825,2139045031.47741,5738910120854.38,0.90810098095356,-1.25124716443192,3.14356291587916,0.897447078818419
192,0.37248086020871,620992360.071317,126422591392.417,0.186923736949501,-1.53857673670602,2.02277055501956,0.217050016918621
193,0.388158592818964,1082569300.48897,108217496019.801,-0.264706855873121,-2.06714774601978,-3.04251674856702,-0.437016400740949
194,0.366611030887994,573045153.394708,2513075564406.71,-0.68974122315755,-2.6850308752926,-3.88968597033916,-0.503788282021104
195,0.369659207940557,9561585.79718891,5986493000204.88,-0.933326167275963,-2.8799662271364,-6.01996533099064,-0.979502105259793
196,0.369152156362964,18964245.6734691,2699458857907681,-0.769370700813378,-2.81938182251262,-5.74133418713756,-0.704781679662396
197,0.346998843916292,8090519.79268227,411459388463339,-0.739459666207847,-3.41228426454568,-5.72689028908397,-0.931683865280896
198,0.368095112722602,89046234.4894262,11117172825494.3,-1.04603827375181,-2.95872833775939,-5.38008917169661,-0.59340297808432
199,0.396740394887899,487668361.605623,308578819726.603,-0.653137366078834,-2.20813882376732,-4.55241526907068,-0.478104594791049
200,0.447374598464001,54976358.4086722,33160571200.4919,-0.889676907711609,-1.08359943717999,-3.760839585179,-0.50714932515754
201,0.386092939096359,14975402.6898286,420724760407017,-0.490900320214633,-2.15226549036776,-3.08816942225285,-0.379775729587515
202,0.363520660636496,3632145.54180039,18085530788544688,-0.57065969745976,-2.92101973214439,-4.77827995973473,-0.450971551527931
203,0.386175982931368,16250069.1248392,2640274510278.67,-0.660521974926392,-2.58492161371176,-5.11176063756902,-0.716219594189063
204,0.436312845077125,210227725.392209,663057429060.121,1.42900391065161,-0.042562756582126,3.99043551395554,0.961981493788781
205,0.379870535116191,608642985.340965,1168714685301.69,-0.185181504601356,-2.17855121619851,-2.56803147446614,-0.0461542999003562
206,0.359240747704875,16607704.5640445,250735827431.126,-0.730593069578464,-3.06290138269499,-5.08097808300707,-0.535676820589354
207,0.388367328933308,7290999604.13241,5789008116604.32,-0.566860148018687,-2.45292547006188,-4.98021664845831,-0.705601688988906
208,0.383672065922386,16314134.2879186,3454346593622.77,-0.548536047483884,-2.47464205073109,-4.56824148437049,-0.522161071123477
209,0.32026191307038,225893537.082588,431812914881.993,0.700774090160552,-2.30718296318204,2.28494462363559,0.256822057132829
210,0.39800849724925,26474058.9087136,1179284592492.83,0.352989249019094,-1.36043731661276,0.246496350848547,0.247177045002484
211,0.369663118328472,25536799.6713278,27317974717.3232,-0.80132870911373,-2.84083291813951,-5.26086751175821,-0.713379128043233
212,0.759838944521126,2713291.75590643,253603745159312,0.546258000029883,5.37901538102986,0.350136135743422,0.480568432547582
213,0.363534373112231,989169.454284394,7542499725369.63,-1.07825381247865,-3.03361201268925,-5.64856424244063,-0.868771494242501
214,0.3674043079819,351472829.439588,529371536263.969,-1.07296161413678,-2.96911257865583,-5.41397553947,-1.0097914042285
215,0.361641001144598,546060076.190744,10011353883863.1,-1.115308683733,-3.1044725148244,-5.50291886462732,-1.25380541817577
216,0.364773184152988,112341834.906052,306389386329.405,-1.04234072280588,-3.11284140845865,-5.83525352268766,-0.656073516455574
217,0.40664408437918,11623853.6098337,957475460024.88,-0.929530730133358,-2.05668451555945,-4.8816773574042,-0.622820737648402
218,0.367728219382328,508002149.803826,62859824442.7737,0.388340894649834,-1.80629126206444,0.976832660169755,0.288440528529978
219,0.378947657514414,6261804.02641154,1415067555770.7,-0.687524996708887,-2.45540578679231,-4.32161596252752,-0.384285099793634
220,0.359111334347874,744479.00813729,2094525663275.63,-0.703691351434818,-3.15260410549289,-5.77236364126026,-0.655636510238103
221,0.38581708116749,224904020.950216,5634222937757.55,-0.546769370609731,-2.09987880212072,-3.19378357991598,-0.411088237715182
222,0.396837578646541,48919071.3370598,7902813724930.19,-0.639994028525358,-2.34065332098853,-5.00799350230309,-0.648187738349641
223,0.366519281594985,9539353.18187155,5841926168726.31,-1.02096335814096,-3.0576123153926,-5.60711614981129,-0.826322362946921
224,0.429111986853948,11365466.4381659,5187554646620217,-0.374939756854755,-1.59732406333906,-4.78201427942047,-0.335184961480986
225,0.341774482738936,3986412860.29661,51183237890997.9,0.43914214245805,-2.04963892582826,2.07454776458032,0.18600994358736
226,0.358716342595266,18231170224.8381,8108876279658.87,-0.105499439474341,-2.3733639248064,-1.76587691056764,0.146390246680958
227,0.368991439557747,56077311.0808182,1152098136104.38,-1.14385890983998,-2.89424833645078,-5.78240671339794,-0.613692758985021
228,0.354813149941612,19737382.1814624,113728364309.089,-1.02952148842696,-3.18476328211485,-5.51307765611565,-0.541640760876868
229,0.443478926477916,227649671452.72,3430384743905.56,0.157430281317895,-0.813630132236185,-0.860711652029083,0.00150778403165321
230,0.446643025269532,26061180.5610194,228184879915.669,-0.746617002045778,-1.27459620390852,-4.12458365817063,-0.533211477783236
231,0.406664536281306,50132400342.6241,35917261068049.7,0.0490372883731385,-1.52456166601086,-1.38599120100931,0.064631978148226
232,0.368889817851516,115665463.492359,456965183726.266,0.552188852212539,-1.5195237738522,1.49094588084626,0.419694091031374
233,0.45055480017295,26479061.5393035,556039935139.85,-0.487088069458301,-1.07347129323108,-3.89061000671432,-0.203498288073785
234,0.363766196036341,22985858.4602858,1038767795556.22,-1.46910196892944,-3.02172261265282,-5.5095874241351,-0.711969501168048
235,0.486669908438058,10467635832.579,215565698445705,-0.17683114492543,-0.370977853060713,-3.84566950633277,-0.302454619523847
236,0.369354465033221,39222823.1204164,190340395415038,-1.07486959576794,-2.95041427295018,-5.25104299536461,-0.796935212649119
237,0.368455929343525,10357713.4008424,2482307459880.9,-0.823028802858294,-2.97418720467747,-5.80634795084488,-0.87981714882845
238,0.388605545690614,8388826.96202085,10663614242192.2,-0.590223812923285,-2.28843052914982,-4.37208845185813,-0.638152578289889
239,0.382458150779208,2031216719.36363,3321580164570.56,-0.797034201064443,-2.58085857030881,-4.83231903698587,-0.787163958291191
240,0.36540717345239,1764796.98177267,264457264170.513,-1.01534708245548,-2.93138263265789,-5.64100681768475,-0.790948691493042
241,0.451041506825163,1174737729.54621,838322472728.001,1.17761997219337,0.116924813626127,3.47113781647659,0.725156050765736
242,0.335706561579138,1247080955.32699,1475721783790.65,1.4251603032365,-1.66399130790632,4.50841984644429,0.739270079949603
243,0.357743167678781,193949151.83661,304880750021345,-0.970189527931104,-3.07100899257785,-5.51500788691024,-0.653969656547389
244,0.531445624506645,1846063322.63269,477637601788.62,0.88366256472739,1.23257741126209,2.11615764669895,0.609599745799524
245,0.381844230030861,4846047.40839124,21275300881568.9,-1.0564590518916,-2.4471662572779,-4.70236552203806,-0.691582594591467
246,0.626922723684017,51332181.8546516,486262329432.3,0.261123123838282,2.27246103376021,-2.22071594914752,-0.0330116203566386
247,0.35515791116082,1700763387.64744,127914143532798,0.991878467779258,-1.53741373809188,3.4258360954449,0.718050962029038
248,0.354713377380754,4603756.62279715,1041874299216.36,-0.891588753599501,-3.33651877560537,-5.86350332189253,-0.929042113496017
249,0.345563063652423,16061139.9622404,25137398192937.8,-0.211645411205234,-2.65248479165737,-1.9484807457661,-0.306499538102135
250,0.358831951133234,2600113807.58255,4171733982727005,-1.31230895101464,-3.08427645875342,-5.42266218814635,-0.999532549346716
251,0.460754802514632,225875198.943072,740752317607340,-0.349105729458206,-0.780231722440319,-2.923552984103,-0.330319266789867
252,0.380885476791326,10546781.4285178,15237495373567.3,-0.944374413221441,-2.53295168346363,-5.47927896667334,-0.647528201324768
253,0.382263984194497,96300398882.8491,2729290420027.82,-1.06062628241368,-2.51189083092655,-5.06822650203926,-0.637268869562792
254,0.613300006224098,1655315655.90176,3092855462775.09,1.19259321458915,2.95075163024096,2.75065444994835,0.794427222794312
255,0.280940672658312,263869250.121611,1410673462925.18,0.7639570629588,-2.85071329713106,3.65854061614855,0.579019791908901
256,0.384149577931189,12829091.5839966,21092770931679.9,-0.623748832363764,-2.40288163061954,-4.78153403969979,-0.54131363600269
257,0.340723349784904,378267183.656918,52771681098619,-0.151134057189845,-2.58753689408903,-0.809641977521785,-0.0342319201579745
258,0.366409348766363,601774499.583007,8790981931447.38,-0.465478865112604,-2.4707686473902,-2.68541342889327,-0.445992406136985
259,0.407833972537539,1895660268.72967,340988958424.247,-0.739152942972303,-1.9274261293844,-4.86261973098758,-0.344882868355351
260,0.377073622930523,80768442.9795978,2677656071272.86,-0.755322438665288,-2.64534321731397,-4.78811671116788,-0.811403342157947
261,0.39096355591837,694686109.444525,5562524760324049,0.473040474193095,-1.34440197682537,0.602697407896066,0.309503687627767
262,0.381885820680188,2557847.88379949,373315870156.641,-0.851712897067735,-2.59662083130773,-5.49070359555668,-0.476058317016723
263,0.380256508871598,1848928009.25052,1378207644427.53,-1.14880027172172,-2.71367443886038,-5.00517326274947,-0.927270018494266
264,0.4954123376952,1155313217.08878,419771135287.531,1.10833009022217,0.713576951046255,2.49742820463621,0.492610131098353
265,0.488958258484601,3487708802.13295,11954005662646,-0.35831046798889,-0.402883448754659,-3.55186730816209,-0.370602295494952
266,0.371434268870113,344748279.539713,688985004663921,-1.11282998007743,-2.96643482660797,-5.36227425784278,-0.733886718396557
267,0.409660256903094,28696719.3958054,5096024792510.32,-0.291816484790864,-1.75589756261686,-2.52419884853896,-0.299302401175359
268,0.405312309154877,138882703.485545,10712268785492.6,-0.0769509369205846,-1.55503920996692,-1.94743844232512,0.037856240774988
269,0.38385493074583,683890.555423936,50279990860192.2,-0.900522010687496,-2.40875652190432,-5.01154743082961,-0.721382540947963
270,0.376885209247539,1105262953.4521,38644206810726.5,-0.773665287247561,-2.60133239920743,-3.89443829001187,-0.625608216600991
271,0.397076779243536,1204435991.66023,1332854346468.3,0.969489702959158,-1.02302065671242,3.09651672812123,0.509678045603177
272,0.381079913432748,7784507.9710705,98875949634977.6,-0.664906353613002,-2.58616254717618,-4.97171016486257,-0.731374034121301
273,0.391016701253948,1771216249.20952,18383944568429.7,0.272241208445427,-1.5075044161499,0.295775708021158,0.49396157816792
274,0.368243907867356,16783280.3908657,305625633857.058,-0.966237556690784,-2.84920164140901,-5.62301757709917,-0.623393716691375
275,0.366115098393123,1959516411.50022,129130729889.619,-1.02011941740472,-2.9848488848144,-5.61411258750394,-1.00633229236322
276,0.405914220774655,6036902.19781685,3870778245858.32,-0.681710535908711,-1.91774532832703,-4.16549301228624,-0.451275049087904
277,0.458307164486833,16387871286.8658,101705975080.663,-0.366006074387287,-0.948386691062989,-3.74553673657166,-0.318923590347279
278,0.505117585555894,567780539.476511,291830119738.439,1.27761558930554,1.1023628716927,3.18228785177086,0.907561474147844
279,0.507048300815184,64571598.6536829,263740368378.375,0.284327502253572,0.248961064749722,-1.28341579357987,-0.181874835157548
280,0.370843130169119,2078809008.51586,1204542414734.26,-0.779300016751734,-2.78157025661048,-4.83058690557518,-0.491996955664791
281,0.506532840433275,812716945.807438,1519053647112.83,0.494329735280328,0.642426791349382,0.264453653740491,0.245743638545899
282,0.612477848733342,4985482549.43432,15417439231521.6,0.694647981496298,2.73813352964177,1.97472546268342,0.457954366269513
283,0.372004090491715,164992263.903312,59683080398784.8,0.0395300407306387,-1.87492905070828,-0.976353316090288,0.0426032927212244
284,0.368113825458321,8421594.04612404,165149351521.828,-0.826919394899114,-2.78249088450425,-4.19967284987511,-0.557154996917906
285,0.427725974827868,266930276.942919,36156740134621.9,0.0642526009241948,-0.950397020550155,-1.01442595945713,-0.00488094471496603
286,0.49373830636233,109824404815.255,322108978735.891,0.648784811125472,0.877439092322944,3.20297698981403,0.697473470677
287,0.371826508857303,14353847.5284306,16852324374017.7,-0.458474645086975,-2.43352201444817,-3.68627288953729,-0.347300063081788
288,0.3659911745476,190198628.617894,7228358498692.5,-0.91349384009027,-2.99623292464813,-5.05180075971959,-0.698847989273183
289,0.403664940615467,1294731231.64,55179703691198.8,-0.344203838594269,-1.80076220226169,-3.02908353952769,0.0502949347820779
290,0.384707242799555,408233777.940439,55689774895.5928,-0.734527725641628,-2.39389224007372,-4.96431522521202,-0.871132071006281
