"subj","waic","n_trials","logit_alpha_mean","logit_alpha_sd","log_beta_mean","log_beta_sd","log_gamma_mean","log_gamma_sd","tau_mean","tau_sd","alpha_mean","alpha_sd","beta_mean","beta_sd","gamma_mean","gamma_sd"
1,21.7390154809046,16,0.682589894698037,10.0201341967512,-2.42498175036017,7.16448228437521,0.0234085401962091,10.2144380651182,-0.123554324892902,10.0102873524414,0.547353504185707,0.458538541847027,39687608.9391492,2048224339.68719,1072636982744646,87148879710120176
2,20.9429423540679,20,-0.676616987068982,8.41969741833943,3.28520701493011,6.10282513095179,0.877048879976994,9.80040084208224,1.1875005785574,9.52506055306907,0.409342347534508,0.439745003182201,147446260.633062,9222127145.9171,62017412527212.9,4678163465612720
3,22.0916205016657,20,-1.21212508600993,8.24955809314844,3.12722606812179,6.64938930457249,0.4896628199587,9.83989646288528,1.11560163673362,9.4983717722074,0.380536643844662,0.43431160384206,254607679.758902,9490994296.69907,1384736518563.9,85446123375651.9
4,22.2259734326412,16,-1.88363885838877,10.1397288563047,-4.17644766814114,7.99510825057356,-0.448678646171453,10.0353964802665,-0.419290456732202,9.97000602342802,0.413872342406002,0.454321663623159,7347798904.96839,421118533621.297,639876585038.475,35122327851107.4
5,27.8428043911982,20,-2.36683090014545,10.111631707173,-4.48586778217693,8.24976137122702,-0.812077940109084,10.0688521655116,-0.792967276362009,10.0882263199493,0.383752573652246,0.448262220191836,31825960.2379506,1507037980.92147,76187022181210.4,8052417570911197
6,26.1068333954558,20,0.700509169446134,9.51415278271223,-0.837904667524812,7.48034037661088,0.170538092960744,10.0157095545439,-0.0687269218521833,9.84656250629356,0.518512655774198,0.457003048326783,30652242712.995,2393254955652.77,2360070030872.69,199422688339921
7,27.573910814106,20,-1.64296697418646,9.92185345342429,-3.1388666480101,8.15854328373584,-0.334020533680854,10.1429673671362,-0.577950779815922,9.98348240287546,0.413503722917906,0.45238018544238,62466690.5109672,3141144605.56312,11484021705974,1034392680890135
8,23.6712091889694,17,-2.79940331457321,10.2810786267078,-5.16749814707979,8.18671033004928,-0.71978209943786,10.5177044535972,-1.11109965647182,10.2416443912962,0.369521753226176,0.44700461587008,8783608112.16933,859579365686.096,17903120694472.5,1589869387421713
9,25.0680829293544,18,-3.0992381155515,10.1022072380253,-5.74807619460445,8.01059498093043,-0.689519858653233,10.1457644891582,-1.08908123921861,10.2619974829484,0.35762267941329,0.444456584259033,15415528.1032192,1441993668.24104,1518912207121.61,79778797678834.1
10,26.4595626932044,19,-3.08553604147867,10.2653207351081,-5.031563256402,8.12977879127818,-0.815285960226028,10.1229427162252,-1.02352876598494,10.3499195842379,0.358479517764162,0.444184245772572,2008673.16193471,92281087.0455783,2711988613089.25,121841723975208
11,27.7505010305453,20,-1.96048899593327,10.2001895685625,-4.25309348538267,8.09166251714407,-0.446553630353167,9.92146627290431,-0.574719950601916,10.1547732353516,0.411659017867366,0.454898842842768,10270509.7706335,905444025.217221,2054277983528.73,205092331612380
12,26.5913149604291,19,-2.09974981770543,9.6935295838066,-2.89535395378302,8.35009875464541,-0.544192515163893,9.97814528887455,-0.531284472400849,10.2096324505906,0.384667048244752,0.444077416995306,323207715.837543,24292248673.1264,2742418942547.2,253725957800094
13,27.8441843030802,20,-3.14190789025534,10.0928556004547,-5.68901049620455,8.07235933416833,-0.835561430970824,9.92519969965186,-0.843305303969948,10.0568663356724,0.359103973494321,0.443546485323091,13673753.0165834,606334528.008815,380485333220.628,25335551790670.7
14,26.4887077949975,19,-2.51749511243281,9.61594471405037,-2.68890357369253,8.54156092713119,-0.553728211622369,9.89664310757601,-0.408529737240743,9.91297360639949,0.365264556314542,0.440916975278062,749438473.83441,47894644330.1817,19223458562728.8,2051258637745479
15,27.6434930830495,20,-2.06315592122448,9.86581950559449,-3.2643587487631,8.23140699948731,-0.387512789718797,10.0112948711839,-0.146837002491231,10.1412459162188,0.387860951652223,0.44708452039271,15572514.6333773,731135336.955503,1356065314833.31,122916988212790
16,27.8478542143091,20,-2.87631366664422,10.2725713803792,-5.94148572919301,8.06920821348149,-0.818440191456761,10.0011482102827,-1.03972412710717,10.2354175631525,0.368641987636348,0.44663557835171,1362414.58836813,50049248.6075829,1913825602862.28,120714359405816
17,26.4606010045201,19,-3.03984230995574,9.96218248738388,-5.88418009248882,7.92834217117658,-0.821311499084604,10.0334465548742,-1.10280103476315,10.1753757348217,0.362921725005992,0.444809231803178,1487971.48252522,104978608.479399,62596101582129.4,6526668811318232
18,27.7477302106964,20,-1.67270188854955,10.2707419266865,-4.23024651818337,8.01749930115159,-0.532297968556252,10.2033257030428,-0.318712378069716,10.1925467979132,0.420162380691474,0.455185045730041,697163236.938774,63501948396.8636,23239949479010.1,2265383223666925
19,27.8377205858252,20,-3.13655756912663,10.2942553187638,-5.69867354129982,8.22770615576748,-0.674344251713283,10.0959362325919,-1.25770761136449,10.3516539291269,0.361151095126221,0.443913037294224,38424812.9537159,2886202532.83812,1046693537397442,114595897633869536
20,27.8334443947379,20,-2.83436736652218,10.2821900246198,-5.66085674977841,7.98266277114223,-0.983308155194429,10.0896647111201,-0.86905359496596,10.1945969198207,0.376584744868879,0.448082715263564,1346047.2238375,82926093.4402778,24232494543.4739,944028422228.115
21,27.8512806456582,20,-2.44245495231255,10.0800915625926,-4.85001473970978,8.08646862083456,-0.499204887856662,10.1223301230649,-0.812471257310802,10.1392676103541,0.379871271931543,0.44690505890033,3466829.40875077,240068972.815141,5009306864988.99,408731859444235
22,27.8389216118013,20,-2.71929539935686,10.2488536569514,-5.68895528777208,7.99846125829631,-0.800921136977023,10.0011738555494,-0.957699508837245,10.2640671171085,0.378452564700621,0.4502894941722,13592468.4093552,950191481.087141,207648352141.552,9835131482202.69
23,26.4365961392933,19,-2.23417147645554,10.4606417802202,-5.22159462544301,8.09701468128646,-0.782330393409599,10.0450913817774,-0.540763001154432,10.3619384694436,0.400622244511223,0.453200753495198,41364716.5217432,2973024383.84916,3537316694255.62,352476242775546
24,27.8851994545784,20,-2.49139077989454,9.96438291693509,-4.5100178481662,8.22172528187359,-0.389007496531131,10.0826546189262,-0.653732699970897,10.2515741020901,0.380357482583338,0.447119241812142,5876095.10738168,247466209.806886,497315653029.15,27379294505832.2
25,20.8744863273681,15,-1.01657428835095,10.1997432929135,-3.5905492294539,8.03028027753125,-0.604269695320813,9.90708525671453,-0.693087167342817,10.2194571786915,0.451252447999501,0.459331239139375,365585409.323073,27656773709.2635,916736863722.147,64673166894006.7
26,22.6949593545978,20,-2.16016582998039,8.37964951825184,3.10204562678312,6.98064601551923,0.711012567977944,9.98220223596519,1.00615883834724,9.43843341220185,0.332309406364355,0.421833235645601,279531033.688031,11218217658.7231,545713485725.016,21980694588942.9
27,22.2717121291433,16,-2.8819926145441,10.3015787567928,-5.44740165390342,8.11818104510822,-0.739639736052446,9.93182436511858,-1.03549454959046,10.1828130287012,0.367383332617815,0.44626593652616,25327269.3858826,995956362.463543,302443650737099,32915278920095488
28,26.614102958173,20,-1.75046278495655,9.22283009870086,-0.486057352128605,8.16946109577639,0.163937382283704,10.1086973147575,0.12083483445402,10.0628005808761,0.378362909298987,0.440580908105424,33283817.9469368,831471265.568257,939135503416927,79473255373813024
29,16.6202931519024,15,0.0211602011021518,8.75458499579013,1.82676423669685,6.61333733328324,0.553016782886713,10.1125900787691,0.951542050532921,9.67030248970813,0.460297040612881,0.450992937206377,61828538254.6835,6639054257019.95,578761630210.776,32755822458073.2
30,19.6765614723393,20,0.168137774589204,8.36762427243668,3.45406954610031,5.84552190905346,0.748414206115962,9.85044433161205,0.951338691872225,9.51636824622645,0.45417918622516,0.447853395655581,280111986.245741,11435336586.3022,21240962989079.1,1436523686094726
31,25.7805922255747,18,1.20009562323693,9.68062891148878,-1.02336529621735,6.95957401947188,0.355879316009062,10.0701326207865,0.404825316733743,9.69654222877085,0.554906817159709,0.452320053015194,8049770.57391988,313780614.561929,916925286953.159,57050758238766.4
32,25.4599385003906,19,-0.725367966832493,9.4328789441161,-0.947493851437167,7.88407995681223,-0.168982561402138,9.89691790563965,-0.591811289885179,10.4622286254376,0.44794830746959,0.453526059672689,4760347911.02072,438987576319.394,12272400982117.2,947486182614180
33,27.8357039574878,20,-2.76641403278063,10.4737603806841,-5.3032233147665,8.07627156120912,-0.655323755737366,10.1800365558661,-0.698911041074612,10.4167920331736,0.380074785040581,0.450346434616273,1329447.899905,97850305.5881171,463476158107.46,25644102061038.4
34,27.8613540059261,20,-2.22999527976667,9.95349797780763,-4.07181934533416,8.07488136202004,-0.420051061001824,10.1253681079513,-0.404183729639181,9.97427688194644,0.396563408707035,0.449936698632619,70312927.4317093,4963776686.15342,13577664708819.4,1364194493040594
35,22.3107507530636,16,-3.02839468139107,10.2189530860129,-5.45245752245027,7.86469047966532,-0.535122811399835,10.0390627807779,-1.0540991707173,10.1757726091986,0.362466415845254,0.445109014171278,795801.989068737,34816397.5696282,24336121948428.2,1757915215810515
36,27.8389175165069,20,-3.29602688945243,10.205374569555,-5.45288509365936,8.04556720722917,-0.730628274661473,10.0569806990546,-0.851160429493316,10.2075044025019,0.357934133773381,0.444259366336152,27188356.568984,2653870496.95212,23685320802523.5,1369358202141544
37,27.8527753958265,20,-2.85553088982969,10.2669124440838,-5.68087401685824,7.9658201004562,-0.650519144136717,9.94399330937358,-1.03578935857662,10.3508733570164,0.36913602445482,0.447041556313751,1293730.7404218,60034945.9149731,11245793564383.2,892011106173805
38,23.6717806269985,17,-3.08455808159492,10.4164450818126,-5.02843641831508,8.02475339899779,-0.724433206235599,10.0606608999165,-1.16235223970045,10.1531960322024,0.362562395770132,0.445094668858731,87608428.2182115,4250648482.66621,6923981178104.34,626904924583781
39,27.8415722393426,20,-3.14670535409342,10.2496856530816,-6.01184297355137,8.05270673553399,-0.784015115258816,9.96911257849637,-0.963332343769798,10.2352846748233,0.356802330308425,0.443756357597957,67417253.6187866,4260369094.15642,512437850387.991,33725610308643.4
40,27.8444943802804,20,-2.95623799480939,10.2664888261395,-5.83799548316438,8.0258141678338,-0.684174434305989,10.0406425417792,-1.12737501268047,10.1957796140211,0.366098629839156,0.446828856488621,1590627.28235171,76943664.443355,1655325412778.73,93175818879088.8
41,19.9144073251061,19,0.754001023109058,8.89767863940064,2.78492876021277,6.18638292350481,0.46889002213826,9.87116409721986,0.628917479491822,9.45104818899561,0.492705292623687,0.450946329775078,104183455.060182,4146866039.61842,28863040283830.7,3005656986432775
42,25.0649408466029,18,-3.10534005264994,10.283777167788,-5.72270316635001,8.06158419866997,-0.883918617749942,9.81422056401273,-1.02366990506631,10.0687317586852,0.364841944166918,0.446069065638757,10160571.4031745,732417615.332917,9683357564534.22,910358185208301
43,27.8704210324326,20,-2.51242704015266,10.089606040691,-4.48088709818152,8.40954604648376,-0.524085706334953,9.8673414601321,-0.552499561844865,10.0705487776292,0.382594886327897,0.44734370214431,11380904033.0891,962758839246.389,1196475879007.37,80541921387181.1
44,27.8513309527066,20,-2.98955325744292,10.185445722143,-5.33899786372364,8.11562363674221,-0.741423318344158,10.1139073278985,-0.97077211735396,10.3655257552144,0.366279013307466,0.445914533464957,29770995.2709597,2127850102.22869,37543635155140360,4112053806292034560
45,23.7062490408635,17,-2.24065431360105,10.0667653595685,-4.37652096649707,8.32252718387315,-0.572314004767153,10.0187504474791,-0.726178479709225,10.3681319843862,0.391177993849546,0.449918760499491,596803508.860657,63529403098.2505,14777039902495.5,843685025346641
46,26.4020605619402,20,-2.17503530072685,9.07146763855179,-0.259980043749339,8.4996976020021,0.347255481162552,10.2555212210632,0.176533810218653,9.9561427924366,0.348827509789265,0.433859440220875,2272898049.98381,132945330263.082,21259150758655.1,1312681414283171
47,27.7239442572854,20,-2.17355001837239,10.1703138526212,-3.8649178684837,8.19753684560882,-0.442448619200953,9.97441898221958,-0.752289773914368,10.1364475645239,0.391580661918469,0.448897477471941,15690890.5758032,462342691.273842,154793532557.342,8292531344559.24
48,23.664706097857,20,2.75883153857801,8.99758342567334,0.383101824353322,6.01562266992448,0.222350837550551,10.1100822270771,0.764845104562179,9.66229885628202,0.63237414106537,0.433188306042934,302933995.715442,26525796474.2274,1463032120136.77,125944299684470
49,26.7022092732728,20,-2.16494914713964,9.22878164799603,-0.664277960283345,8.22183220773613,0.0580439484703312,9.91640868696329,0.0697392189561078,9.93399343403607,0.36093573554004,0.437970400484679,46236376.7864298,1868454012.50147,198431710958.045,11498424836774.3
50,27.7757939479089,20,-1.91938389702065,10.259936806507,-4.12671323221682,8.05792106351335,-0.641708618857007,10.0628620203082,-0.580067291041813,10.0426774988073,0.411525486124864,0.45471163214462,20440658.3574966,1095254434.73845,28005251552821.3,3038716448267868
51,27.4023198366817,20,-2.35037882112183,9.64436969229971,-2.3183225113359,8.67163142898544,-0.170828158347903,10.0303862986966,-0.579369499612378,10.0631897157518,0.359569469057954,0.439276707725814,77360274.7079074,3274841263.56974,56590418161246.8,6188534972696416
52,27.8384572035092,20,-2.99174939961707,10.3191652852926,-5.75254137767721,8.08721623260072,-0.764345343163775,9.9669352486542,-1.06222117577811,10.2375749934326,0.367107400793186,0.448325660587324,61624009.526597,4747340047.552,268977450803.925,24372156148310.1
53,14.3447023264716,20,5.38471340474984,7.75561258062234,1.67173707714135,4.42674999197881,0.366185096370649,10.0650020250223,0.830229270794455,9.35445075299625,0.771470902956443,0.364910560496057,259540457.898087,12204852584.559,1652327349090.06,144192150850275
54,23.9748226091306,19,-0.898524686472025,9.29050515498581,0.790773086579904,7.60098552546444,0.226878910109583,9.88270904873823,0.503342333118987,9.80774294754425,0.422728794859165,0.446644963552316,156621815.06545,8283196632.89263,852434499616.207,70299177361945.6
55,24.7433595275654,19,-2.19881540666434,9.01785922183915,-0.0105663248470711,8.39271187663229,0.321946721515347,9.95993239481002,0.460319191653839,9.93525475804801,0.350000777435304,0.431702815861797,130822361.228115,5128820620.12125,5314001415040.66,352456899481230
56,27.8368248798058,20,-2.88287943082724,10.1672199596569,-4.94912826566785,8.07109050271886,-0.788191478013804,9.92723421734349,-0.929259691089983,10.0501263979759,0.369593101606542,0.446505392715332,1737711.54033696,47863326.2737157,315134973592853,34395646773553704
57,22.6949083786304,17,-1.85381046382523,9.32232246611821,-0.849401843421274,8.21600518564526,-0.00681471516637422,9.94361176199243,0.0464583351095327,10.0524608054096,0.374425545020573,0.441475881004022,16688726.6030784,710205989.974243,455992511694354,47752705664732960
58,24.7562234826105,18,-1.00836157563761,9.82530389117344,-2.52370038026634,7.86048369263132,-0.432365486488582,9.76618509731767,-0.333829841049979,9.8546380577101,0.448267757032584,0.456816045065426,9719054.07040148,673163527.839066,2574044762643.11,195116070006281
59,27.837985557744,20,-3.06266710104419,10.3216090159958,-5.58356126382578,8.07045879403375,-0.822087227410365,10.0518115117983,-1.05888465289482,10.2614572194151,0.361868239624539,0.44430169636694,50715759.9263813,3841638912.43722,48192467056049.1,4710393177765434
60,26.0379398605483,20,-0.337467886568147,9.21794421307702,-0.257917998120827,7.81286994092731,0.0429751544402114,9.97251937383874,0.0833479600598285,9.72173766399713,0.457761652131013,0.453357458795259,523855184.321901,19091482076.1899,854367923922.489,41621627223041.3
61,27.8312789264938,20,-2.69615869330627,10.4081428035653,-5.48004759959051,7.86458029454877,-0.599018324107809,10.1074461893296,-1.09188663915424,10.3244213038498,0.376607556474693,0.448470573368719,1575062.67069876,79566296.7186692,677379515481595,71811710408780248
62,27.8398238682858,20,-2.1125293730524,10.1730537085682,-5.04433962759944,8.12548427358155,-0.775832697125593,10.1846621454876,-0.479706954216732,10.2331132568928,0.401501121614864,0.453587512876532,48217304.0979244,2574486500.01916,15838376846105.2,986829486178618
63,21.6765194897405,20,-2.98035830251167,7.60893488987201,4.00116780930043,6.8110730466361,0.845186697265864,9.91972800724703,1.0646678432952,9.55572334818372,0.269930578402366,0.390954464659927,39253814205.8599,2879290803904.71,13811439704764.5,1237890995952244
64,25.0675631767049,18,-3.07374013106179,10.245850532848,-5.68791769194924,8.10718092235516,-1.1336290260313,10.0234692983874,-1.20990960978819,10.3336676735584,0.359944103710328,0.445260121184083,17059998.3696385,1124743963.74644,2170340677868.97,208079339945895
65,16.6939348102288,19,5.02129477808209,8.14207750300149,1.23744523407548,4.51821703398116,0.446816468659477,9.89820170110674,1.06862749282669,9.33402599434945,0.753335024885533,0.379565658992531,8817861.63713757,411719146.519217,940708954702.627,71015222089818.8
66,23.6745616687556,17,-2.85311386643121,10.2968501674336,-5.31302546451906,8.20544962420992,-0.792653902578499,10.011847365097,-1.18464389313915,10.273822853471,0.375826960495318,0.44884315728593,696781051.847086,63514450361.8496,2299019185872.75,162453822837926
67,25.065053592233,18,-3.20675992431699,10.1624220602134,-5.75569007753624,7.8741929866962,-0.93042831505711,10.0055150726965,-1.09557585836864,10.1384653370212,0.357767741208409,0.443531598945117,2923810.76573666,198868603.711377,9622350566209.95,803710767222318
68,26.4504154442281,19,-3.00608165803287,10.2227384910777,-5.88250589551921,8.14216814348721,-0.661922559454574,10.0712654255895,-1.01489832240922,10.0002672987779,0.361036679313174,0.444857046205333,5399770.64051674,492027571.933267,336410816808.39,17329945731630.4
69,26.4745343725154,19,-2.37017686940167,10.176210957491,-4.78344541362677,8.06684667080115,-0.636104646976538,10.2206598100669,-0.947136583808346,10.1555917280168,0.389239147380474,0.450464092257981,2895479.6106824,194828552.334933,6209077932696.04,389715733414672
70,23.681778179139,17,-3.02734927997048,10.3072792444305,-5.72445568551224,7.95538224324312,-0.518725941989288,9.91529728435583,-0.71436589757969,10.2416690925541,0.367027156795449,0.447604788110921,342539.042733187,10933685.6897276,36949916467544.5,4012196904636949
71,16.1472891052902,20,0.526145093335193,8.37510458502048,3.89431966902199,5.288727125713,0.606831175199385,9.8914277680884,1.16538846690701,9.37565378630801,0.464386312162584,0.445840599409022,540748327.10625,25606948952.2241,675866174876.209,35817116797034.9
72,25.0188127025815,20,-1.20601519298828,8.9185452050264,1.3596658508126,7.47847967792558,0.530100917197957,9.95727040187212,0.5655734510608,9.74658653989241,0.40326702237996,0.443888439061666,380257254.487747,34784376028.5772,32700716141384.6,3469953443024738
73,20.0232503311933,20,0.40312201297782,8.56669361198464,3.14865018386842,5.76367782272322,0.544832011856464,10.1896742187031,1.18126558752881,9.4423040258718,0.46298512837578,0.446985931269425,1142715120.03826,115336244165.912,7371317873531.23,396865260878548
74,26.5357674538431,20,1.22992133381168,9.87479036296595,-1.78580273981506,7.13193680478169,0.10447422321419,9.93803177938724,0.154354826512378,9.97034885877581,0.568404118471272,0.454361021153474,14181090.131868,1103669358.01997,283642734525.545,17798045812562.7
75,25.0630427049807,18,-2.77657938426397,10.0386202981342,-5.11648731791838,8.12719844250591,-0.710161438818981,10.20607327726,-1.06269652988566,10.2836879719177,0.36997278108563,0.444690843532887,4073486.21380217,151672672.585252,1401753751991.45,112603829314572
76,25.0737809251527,18,-2.97279840263822,10.1847234269831,-5.60371762387485,7.9834700292987,-0.832881274773232,9.91842514046739,-1.0128975970672,10.3033362436452,0.37026641125836,0.44669102414805,2845974.30436418,157207233.93469,412556679254.967,27360345156210.2
77,25.0726311529618,18,-2.91256873789228,10.3845013327703,-5.70574797299763,8.01338584997188,-0.710787285148282,10.0273856183619,-0.983619121416888,10.1804037504904,0.372027302252295,0.447364435666127,2988206.05598942,130530201.843169,2815921915099.9,163409093451756
78,27.8404750627552,20,-3.03177657981797,10.1782778684905,-5.8405934445818,8.06644902486387,-0.787886713475696,10.0056918881289,-0.722363382627804,10.2629591191329,0.363643805087779,0.444039107835097,18473486.7399175,1756250291.51006,1315225728355.12,140014762894324
79,27.6999227289996,20,-2.64259723530688,9.94187899169319,-3.87344262925965,8.26314925116374,-0.583640904021452,10.0067948015654,-0.504700353744482,10.3298098950404,0.364909953207111,0.442614668926427,2012734.50331799,154064063.523067,2259303289625.08,185948474033389
80,22.0849796128617,17,0.914835826889542,9.09429525182656,0.618553391890601,6.90099385168916,0.407751019088886,9.84853558758736,0.44542828436515,9.66629900158112,0.529702491171834,0.452171597341923,36725931.9235202,1208648436.42621,283078801620.32,19970200460361.8
81,27.8280588302899,20,-2.76605921583667,10.4064726676222,-5.28032697579286,8.1591457791758,-0.614968665987391,10.0607198830369,-0.843010406386123,10.3134235822452,0.374376961740372,0.447579849342358,62295163.7937256,3939299613.83436,6864251929678.25,692212964794065
82,26.0171453447713,19,-1.46613174588218,9.79809931488444,-2.56012226112708,8.36743030999491,-0.459305061250781,9.97098850833426,-0.443224417510162,9.97635422816897,0.416814408558122,0.451766637864201,151368922.599864,10109543860.6647,264714465815.474,13024575202608.2
83,26.4583660067179,19,-2.8809995854752,10.3601486047375,-5.58237976508897,7.99505724075032,-0.621498327476487,9.90513491952902,-0.950445255396253,10.2642650226349,0.376819440068954,0.450067057638108,3360799.32813564,135916725.888499,217545978552.069,11879656275679.3
84,27.8408767394988,20,-2.62851594359415,9.88433494124237,-4.65482848830477,8.2221984041627,-0.414667078296486,10.0542801029293,-0.692790616340446,9.98061756073819,0.374274444675163,0.445440499002114,40325376935.4311,2986719950605.86,4118284887564.9,396975746554027
85,26.5679734030423,19,-2.0137176461063,9.70298905889085,-3.01970609830851,8.40332464097222,-0.416388019343431,10.1176276968893,-0.551113056753747,10.0883044086804,0.391709242452778,0.44855610034214,22025479345.3447,1596169860888.73,1168612441600.91,118608720826727
86,27.8346048958995,20,-3.17694718519226,10.0000890140524,-5.78191226006979,8.04241676322039,-0.80047950282596,10.0318338724988,-1.06847074072358,10.1904459126165,0.355763019231737,0.442604714991777,12606440.996425,1072258243.05188,3267151597125.6,221290968979847
87,27.8434067299431,20,-2.97361464577668,10.1974660419629,-5.78526480043342,8.04089552935796,-0.851491543219742,9.92696010186398,-0.962867452385836,10.2117774626341,0.368993423965047,0.445866720735972,3539168.30064136,176169934.068625,13598260048273.6,1360327696212567
88,23.6796000007788,17,-2.72484952125918,10.2364241239086,-5.45138293125646,8.12116930260886,-0.877961960802781,9.96478507559575,-0.885752384930843,10.1215849715423,0.381688257391112,0.44970173203942,3200453.61048969,159516578.351886,1281293910624.73,130359807793297
89,26.4507927076307,19,-3.06261654440471,10.2603667028531,-5.61562953463731,8.06328281056262,-1.03560617293154,10.1097239747205,-1.11373628454675,10.3667197214464,0.360081938558074,0.444339313767376,13852574.9234154,960452691.016991,1751709649531.99,121507205857335
90,23.6877925393098,17,-2.48997578143615,10.1737741179648,-5.10817566265738,7.9400438706242,-0.813691156479303,10.1353786162295,-0.685782629441076,10.2627206484714,0.381891377478887,0.449591093095934,16528863.9856817,989638088.573203,1950191686418.13,176826555897333
91,19.6676725400588,20,0.11596508072742,8.4465344005477,3.48027948329174,5.73478380722121,0.877433542579268,9.75684206883251,1.15017125456545,9.42363963523621,0.451236720864521,0.447969337767497,71107615979.5414,7755418980303.01,6768914846887.42,327281004797355
92,26.1553847398703,19,-1.39422025564233,9.98890470840209,-2.91343680924456,8.19381670459708,-0.227128844903171,9.72694968997214,-0.273500076065443,9.95287078407317,0.427532879854654,0.45290224918124,14435502.2360054,556276684.42661,61707189813.1961,2592153129747.21
93,28.0012968394424,20,-2.23489784615098,9.75912366232709,-2.40815958809647,8.58201530596656,-0.147925000865003,9.85191462313998,0.0144341878749145,9.88753468217547,0.375077986398742,0.443963902012955,178136762.971505,8926731411.46698,197093697077.687,12908868623009.8
94,26.4578327054145,19,-2.73801095969162,10.4054008360027,-4.73328565563911,8.13668356506954,-0.676544161392026,9.95560736016758,-0.950337297947862,10.4154225955172,0.376619735345107,0.447359994079467,4769102.77282273,199214624.954036,45703607631.6869,2403345645696.38
95,20.911829380348,15,-2.80061298798119,10.3601798493782,-5.3318283842702,8.03300067894721,-0.73850611997643,9.93128406035973,-0.881376548072926,10.314562945242,0.371477824829072,0.446820556203546,1737168.68085266,60330789.4417017,365653083395.544,16668390649156.4
96,23.316693731301,19,-1.40465819681244,8.87538596993402,1.27481640407353,7.54800283024097,0.557464799015425,10.060809360672,0.671195327546838,9.68838628870081,0.379716982136281,0.437484454758516,1102424046.71887,89320024265.9442,3005937205232.93,237121893691902
97,27.832393388653,20,-3.12219764509028,10.3870203021854,-5.59367335652333,8.09930746330259,-0.868583027355189,10.0530233283098,-1.03671299792423,10.5134870859942,0.361263371369088,0.445706227077461,1428396.39527418,77078283.6873581,845606555224.09,72943808174393
98,25.1758034425286,19,0.217968949511459,9.69279343063397,-0.93156371592453,7.37825340505936,0.00878965933081862,10.1464109905551,0.199188142208878,9.7570010840107,0.502353715593734,0.455663610238605,58824416.4222596,2332474830.72745,693543220784279,75532634697907904
99,23.676095174295,17,-2.95788491121306,10.3873133503513,-5.5105912814393,8.169277870708,-0.648816854417823,9.88933819146149,-1.10466570891504,10.2548047953994,0.372294363092277,0.447693610901279,38519021.8525241,2813104930.42102,1184637567947.2,121680790084835
100,27.9439365684951,20,-1.9881101560377,9.72260402724385,-2.9719432811899,8.39233712335358,-0.395084733721023,9.9933084943861,-0.225567066644504,10.0732017488,0.388040542186486,0.444959120196563,103206919.5495,4450460413.33228,12265795540261,1253586272473398
101,21.8116760454961,19,-0.902144974057609,8.65133908939411,2.46249855038828,6.94893466558018,0.511795851022812,9.84272630989374,0.806233755772614,9.97526744468081,0.39833393645115,0.439748611166748,47272858.9353843,1779192180.96492,388483025204752,34702305470803564
102,27.6187007864567,20,-1.08558326395033,10.0311595386087,-3.58477093292802,7.8404524471046,-0.218978511866359,9.82104107181755,-0.384764451885001,10.1715375736374,0.4532928571525,0.459532223868471,3747901.69743157,156044064.284836,185072196124.29,9737296055715.44
103,15.094956746612,19,0.0308951960050592,8.15350393878435,4.0150230932195,5.31332549994164,1.07239803395772,9.81919775386208,0.774474128734644,9.31981125002308,0.438646938867373,0.441018047408415,385159490.323047,17719090382.6394,4232044862887.38,263322170109992
104,27.79193752672,20,-1.82690191376869,10.3910449419238,-4.49246273169364,7.96131729437582,-0.548471405798076,10.0661717446734,-0.6461447656592,10.0099165969166,0.417867378433514,0.455966617054254,41942027.1747422,2353336334.35197,991096132884.296,54346643059044.5
105,27.8392548690034,20,-2.90348918286674,10.3849083695852,-5.49397568269761,8.25246952943994,-0.688401351426185,10.1242217077607,-1.05002301482739,10.3795902681018,0.372463724703529,0.448462166899305,5799793469.31516,355336766745.489,929862846385.586,60742786768331.1
106,27.8458221661719,20,-3.16835129213795,10.2924488973304,-5.43634290746036,8.07838314772343,-0.825436282333437,10.1088971191644,-1.25056993603262,10.3769152742251,0.360407377397776,0.445087307927087,68008876.9325031,4710717928.1083,63664530506865.9,6708568889270443
107,23.173238259442,20,-0.175645363738911,8.71779673695377,2.14269072256826,6.80901276292643,0.447283471995918,9.90862373121768,0.581048778227538,9.58149586587917,0.44432398285407,0.448698297846452,344753042.105191,28749291947.6001,14837996682851.6,1048932758305794
108,26.1214972744688,19,-1.88261703348303,9.7789105293977,-2.933070111926,8.11491336382672,-0.238309651925976,10.1668280160267,-0.361677516161428,10.036679210715,0.395905451886713,0.44769885299147,268455449.272483,24832814889.3626,620356858124.71,55945932146881.8
109,25.0575926132134,18,-2.76593769640464,10.4921352839293,-5.3863842403426,8.0016795544992,-0.809643328461464,9.89853358747002,-1.0752740521306,10.3121418885039,0.374685846377356,0.449172261099133,56693260.3660989,3914032075.37171,28190778186600.9,2974363687387108
110,21.5387851307641,17,-1.65711711071723,9.14077332699454,0.752303921711658,8.03148573027795,0.47701246146407,9.95939204087223,0.416834806649615,9.5859390740881,0.380366796790083,0.441016411586763,282115426.367691,13214591699.9003,3072859952652.08,202673349510571
111,27.717862756331,20,-1.8735023266309,10.0103305986724,-4.00555964766998,8.08631149907362,-0.521649287317127,9.98011780925011,-0.590338059548893,10.0558740521693,0.407910243090165,0.453473914053317,12241143.7695216,447541991.704168,1321451846356.67,77898897832311.2
112,27.8345830498171,20,-3.09831096246929,10.2340127023752,-5.72663683138561,7.98246811989317,-0.723070894512139,9.89012901483573,-1.1852401568594,10.2900214909203,0.362253740615213,0.444538829534693,13920662.2463867,818665951.529171,293343274149.065,22129167673558.1
113,26.4803480869106,19,-2.17226378388949,10.3294494781925,-4.68818527647587,7.91939754854774,-0.45499864560468,9.90327856274817,-0.849118983782461,10.3532849001581,0.398684554093308,0.453420809077332,85852155.874826,5209918746.10659,74151836995956,8026154771278643
114,26.6381692706447,20,-2.45244807589854,9.1380324258462,-0.745525779200498,8.61337280147696,0.0431847183231674,9.87098193023961,0.0321165916942036,10.0966728815995,0.344775575706377,0.432364812028425,1002474448.98499,58773248004.9011,1226892352829.98,110595034521572
115,27.8474532720537,20,-3.08628157853001,10.2679776755936,-5.97460178641038,7.97237679117701,-0.615512506455399,10.059241341241,-1.1430715546395,10.4932325348237,0.359541991180014,0.443844029757249,32834270.057671,3342666414.76397,695364175152.291,38554157588187.4
116,25.0651312236605,18,-3.06561104053558,10.3722167649668,-5.70410653696881,8.01113042067193,-0.545415241632804,9.99159424721782,-0.915005473348922,10.1106492968948,0.36388574795931,0.44717297871485,1297142.8734332,71691213.958204,41841258986.7483,2198402243696.92
117,20.3884760534733,17,-1.91573430831789,8.73388319611901,1.81462227261942,7.7252475284631,0.631470915219869,10.0783008399873,0.56273960008119,9.64562009608592,0.349989863835802,0.429334275639537,779057216.509868,30490815336.4387,62500094973051.1,5037629772019008
118,18.0458785888542,20,-1.76784840304846,7.81460309526358,4.72830240050112,5.62477191151639,0.667064965017288,9.78622508193962,1.34704597723459,9.46603286473226,0.328698662383037,0.415639243602906,241888781.030055,8774825133.53155,275071070333373632,30127071369427525632
119,25.0597438497371,18,-3.23271786543841,10.3416415849738,-5.67002339545492,8.05273494896456,-0.73141937553694,10.0594281781139,-0.887142549189618,10.3613254476506,0.355369381329285,0.443588090172531,1185765.34931948,70468940.1502706,165775491394.145,14904583775986.8
120,27.8141373359895,20,-2.6591462592053,10.2008823507136,-4.7907598949332,8.28847428725669,-0.759048732011006,10.0789335294236,-0.682411118558476,10.2510150335382,0.37726045994969,0.447127907171739,158773909.79179,12428858428.1279,68361101907610.5,7040938033103117
121,27.8263425437184,20,-1.34154024863994,10.0244375364418,-3.67542610129763,7.91744782578418,-0.567585886776658,10.0086334296257,-0.58707058593675,10.1436773411687,0.433587195238995,0.456193879050892,19646556.8065295,987068178.230027,1415740631270.03,111396404507782
122,27.8348440798459,20,-3.03406094471159,10.0416191765896,-5.49317307334078,8.118322156247,-0.83784799047418,10.0490248517638,-0.76581224924503,10.3643845815977,0.361462566089319,0.442287600629859,9945273.17787589,426324602.114287,633360043979.691,55705380376788.9
123,23.6483736200601,18,1.5696587222767,9.08617472537867,0.900124007228053,6.20236223759057,0.589858438697188,9.91664193674504,0.670632229153953,9.84372854910232,0.553956819258653,0.450120171707433,46110011.6635991,2385331753.44511,26242213172265.7,2228708709118400
124,20.9255769663468,15,-2.54936122755075,10.4241989809245,-4.68088510805032,8.17792162417044,-0.700471684255577,10.0353333526339,-0.803409953989679,10.2354664043993,0.38371408083811,0.448445719002776,3832872.896716,126305724.483349,71395992492464.2,5694236777805984
125,23.8853008938965,19,-2.22992897092419,8.7165366602141,1.24409570130241,7.80069247713252,0.422832266963376,10.0416397041624,0.46788121652041,9.74768319995974,0.337210319857477,0.425269706145411,4440427617.92375,430060097889.942,4194959191659.2,399489377843873
126,22.3016624185287,16,-2.79823063166616,10.0679537678627,-5.4534536213566,8.21280463361406,-0.898364553437709,10.0371004831383,-0.937416922343668,10.5109454074343,0.372160700023903,0.446779055512695,27717732026.308,1889726071802.09,535444792051.632,45073682697805.1
127,27.7982487337364,20,-2.65473220720538,9.90601334403611,-3.85786769826581,8.5047988434884,-0.588585928940102,10.0522887534475,-0.730255076622785,9.9503436973842,0.370242779307184,0.44377762889012,21241885.0823144,895832280.8019,640933309141.467,44168865796625.4
128,27.4572745327192,20,-1.98624543874033,9.60925346080599,-2.52859624320694,8.2789792280559,-0.214274041040542,10.0988414697272,-0.246687666198566,9.9675395895142,0.384540555480555,0.446057075218805,3735020.27726698,109485006.244675,495098480728619,53348766217570592
129,27.9565541655259,20,-2.18731440509164,9.75226381000093,-2.04177489271768,8.49541562339689,-0.00901774421433403,9.86484080054406,-0.501097943089631,10.2331147548387,0.377554623098879,0.442713795797649,1784996953.89641,75355779673.6172,4055767181549.91,436747772131711
130,15.9013749117462,20,0.581826652169474,8.39576484554482,3.98482015904683,5.27498218681936,0.715118252759397,9.95029534275553,1.18804095899124,9.40722530017351,0.463148967033751,0.445044349247104,224838748.033359,6454994739.55243,346732968975.355,19048123581044.2
131,27.8516663908617,20,-3.31030555567763,10.2424769778246,-5.79902160441589,8.10515640931333,-0.635398877285365,9.91489389248347,-0.833819450682483,10.3497406452269,0.349476318484534,0.441294738215174,1804234.75153825,83579178.3564577,1802356075451.07,110891637496239
132,25.0596036535712,18,-2.48867707499146,10.0607023371204,-5.20402188834342,8.1633282488341,-0.692220707953663,10.1869011317998,-1.14346959767046,10.4884935412685,0.387232980682277,0.450732258946936,2702006.17368913,87921955.4648041,24841112958056.6,1830604809489636
133,27.8430829498676,20,-3.23415013705694,10.3610427081156,-5.6982693559184,7.92361676267373,-1.06531665350498,10.0479038546089,-1.07932062686813,10.3387181569604,0.356126139080588,0.44472674533133,3661930.19947068,184989167.200737,176404338964.022,9785629761985.54
134,27.1613697129745,20,-0.237262589702433,10.1746434372673,-2.48701578870348,7.4476115267171,-0.133361178284357,9.81192245854544,0.0811092740939474,10.051432581461,0.4838044938156,0.458692643601495,72459850.1608559,4933178916.69189,2563107006736.8,263926252003260
135,22.3437704596614,20,-1.49062676763695,8.31933290592678,2.93388174523641,6.67669018465698,0.738152664221259,9.85924243027669,1.00990169204865,9.5476537197285,0.358259758478306,0.430685836761157,196002930.449308,12555082830.8325,5240391881617.91,413568323808348
136,26.4582076364898,19,-2.41496061384603,10.1581866909594,-4.94589373835829,8.14405580776629,-0.688316519754928,10.1625077389685,-0.76534023152046,10.320485494853,0.387831080649668,0.449709086608623,189469640.84881,17678632176.8466,2649469624477.94,205807525331907
137,20.0928898265201,20,0.27356383576898,8.58827599660724,3.13338217125876,5.92168932209214,0.802283493596714,10.0752123826851,1.01432477609462,9.61736617624798,0.455084239291994,0.447349424037865,401325997.246926,24847734324.9065,332890030841170,35689142104851728
138,26.0464740262764,19,-0.902718128917733,9.80265352359833,-2.4049966129113,7.96646723588963,-0.06248988664423,10.0735411000051,-0.11054425280029,9.8849385089987,0.446144269728768,0.455723847899781,43229274.9060768,2216283127.39607,40180043454496.1,2695040986467581
139,27.8154332864383,20,-2.34153713245469,10.3589835980707,-5.21221952812164,7.89246381058202,-0.629846958475494,10.0589687646049,-0.560291968467357,10.3472834837245,0.397589587922269,0.453660123510466,3743810.17510585,226771936.208159,10619761827437.5,1117564454710650
140,27.8437103812891,20,-2.80055729151122,10.3653771949596,-5.32471576892485,7.91622392332608,-0.54559136087504,9.89822039740015,-0.839297292874944,10.3446732151171,0.372618456516571,0.449573443606752,993865966.736492,69480603633.9925,33681393807256.6,2703120331869616
141,27.8518788326624,20,-2.72609568298913,10.2490249525352,-5.43817059988134,8.0922511676018,-0.870314457910774,10.2454406115418,-1.16018086627675,10.2782523089403,0.377154268804846,0.449059857496889,11812968.6077748,854809614.969716,2514202282686.24,188477875782109
142,26.9403771739285,20,-2.29498252806706,9.46031432237404,-1.14075887658857,8.40024842524365,-0.0867247425807479,9.97287526589643,0.266869340767379,9.89965846495723,0.367000600873192,0.438750689467728,760683734.582557,75227715481.6384,1198468512954.87,67223423503702.8
143,26.522588792779,19,-1.99389508181118,9.81055584373865,-3.010090726301,8.47510820230669,-0.153492881801695,10.0133108491281,-0.137580715358877,10.0116814725889,0.390028230330841,0.446086858136726,3571296789.2407,219258627068.78,13880922121434.2,1419463718188435
144,20.773353026725,20,-0.515480815034256,8.43132961898323,3.28798324236113,5.99225461668581,0.728387275112153,9.85970679415071,1.20395951973328,9.68743365746509,0.413905157892337,0.441978455015594,83941980.641378,2719419455.52951,1629318535002.37,91822137627335.4
145,27.8402043735686,20,-3.04084377536679,10.3071457347944,-5.7396089515107,7.94735381449243,-0.657496262116765,9.93910479313076,-1.07256130433054,10.2076484050785,0.362312958159271,0.445441070332784,380196004.446565,23946117634.7847,642662807455.31,32350435042759.5
146,27.8408013468466,20,-3.09368943171596,10.1133150279792,-5.59790609862994,7.93038719378912,-0.870224308040469,10.1453531908949,-1.21881741593059,10.1506765293315,0.361180888142059,0.444131312512938,6059927.97740554,372445713.377052,304865875169129,32955663693360952
147,15.9330167667887,20,0.943991585546669,8.22473760508685,3.71241004762634,5.50661700197823,0.83188312375423,10.1333902319503,0.885363164657059,9.40469525087958,0.499002034872879,0.446701620619356,880126044.200657,55439295718.2809,5380823191635.21,294686865219372
148,15.995049116823,16,0.530402272540327,8.26347726195701,3.05165397909188,5.83619602201388,0.425465462197803,9.82819942275663,1.28809508066423,9.37616308676981,0.479714622886969,0.447214931746337,615986258.00551,25856529258.0989,27576846456226.4,2898528381085901
149,27.879339164773,20,-2.36797443967094,10.03497842852,-3.62774871197513,8.45040469771013,-0.561112426031692,9.86322325788729,-0.665704903259855,10.1529662980748,0.378993667160854,0.446035497846629,9211952.19152255,313401137.155486,460727986368.776,37872618720254.4
150,19.4672617810387,15,-1.63987538214914,9.0925800163651,-0.382998809167675,8.17442212991779,0.111635567146789,10.1988033343658,0.413141019651467,9.70005304477872,0.391163217250194,0.442316861939639,43218389.3227236,1347585394.1194,2057388939170.88,114202524184172
151,27.822147594044,20,-2.8610574138651,10.272886311497,-5.39945872649274,8.03054810552718,-0.613733905622148,10.101630495096,-0.900636875984121,10.0992512413948,0.373293267548838,0.447316406600307,2296850.71984564,81904417.9683371,3564936907626.94,343386346328870
152,22.8676686789407,19,-1.04267958289532,8.91555819460253,1.53183866862725,7.49932057937576,0.44375505659513,9.88935313405494,0.569506456225187,9.71173664845429,0.399677448448997,0.44278360335642,2795863222.19141,190654785271.535,2219892074923.43,111318094552226
153,25.0683861884571,18,-2.70813830822964,10.3097858701557,-5.32684799880637,8.14326647999258,-0.809984517735624,10.0278396625247,-0.821532551793694,10.3167813773599,0.377187764765122,0.447511314036513,2009148.11854717,65178489.1970465,77524191689.0135,3970874350536.35
154,27.7312221168201,20,-1.75914132010523,10.1685876999918,-3.99188988366563,7.96353912722411,-0.248308358156464,10.1338330960701,-0.487376604622771,9.98167332574989,0.423346823136102,0.456861487483616,2890352265.07119,207454565332.412,3809340655158.72,403454208095460
155,27.5411688729903,20,-1.63038979150448,9.73431041096348,-3.09969897221192,8.29185309439611,-0.300142051358089,9.97487879059506,-0.306852421832854,10.1760883361192,0.409306420147282,0.450809674029142,111001522.105496,7277753591.30432,575357178420.043,51536868419207.3
156,24.1996938770689,18,0.401509903883557,9.81126327510216,-1.85305615843116,7.22508829287348,-0.122477265120459,10.1270465503171,-0.217218178941604,10.1179146973779,0.520456392243987,0.459200754380776,9791874.2669015,426657952.229823,124293385429507232,12876660195731480576
157,27.8384061532365,20,-2.31229204445351,10.2891787238853,-5.15940284121941,7.99608524829664,-0.68279904425824,10.120094063732,-0.98536445418328,10.3829650963219,0.388613022475324,0.451241648006812,6760738.04564097,462104856.115338,104253537001058,8471320026909328
158,27.8467780979063,20,-2.7353430347008,10.3775080443667,-5.61264435430332,7.88197268590057,-0.651210081807684,10.1217332772923,-0.790345338476727,10.197879350856,0.377010409554163,0.449144989393191,3006698.31275031,156111661.046278,65249674564260.4,5410025197119337
159,25.0023870924864,18,-1.77002465282966,10.1353669901514,-4.32983702679153,8.03621924108432,-0.432669844223348,9.98015254604367,-0.856087322005918,10.2258359828303,0.412933410940965,0.454463651799954,22251592.6345864,936829383.037365,124553885963.14,6783364155207.19
160,27.8454872124953,20,-3.03401817843463,10.2280562066075,-5.83046497027777,7.96112467666276,-0.902120210983777,9.90262638299833,-1.22374615481124,10.0205922374467,0.360062795495453,0.444149227955604,28770291.2797402,3105825442.72193,146572618328.786,8143270019219.05
161,19.7794295286887,20,0.293763594511779,8.42553442502492,3.29279579738464,5.86485919418089,0.624546203430636,9.82522260468352,1.42115731712494,9.42605780650812,0.464569592342228,0.449322813442064,550566389.362372,31780443898.6783,512218872186.892,29780122770502.2
162,27.8072212714232,20,-2.60834283800793,9.94407581508549,-4.27552273591403,8.3290498981382,-0.562046192582142,10.0153403918115,-0.487591366753278,10.1970812257366,0.372546507254456,0.445101286966372,153663509.777675,11954012225.1482,49974256310049,5381691672600847
163,23.6792631118548,17,-3.35975912513405,10.1734367075063,-5.5699271279708,8.23317126154914,-0.769298092321118,9.9841050290908,-1.06383193461513,10.2733959226761,0.352136235992602,0.440054773789886,39040359.9183955,2660883360.09933,793898976183.063,77701815841411.5
164,27.6654416744853,20,-1.78221569836967,9.55812685516411,-1.28094459725562,8.2490449120074,-0.244752418605504,10.2968870939396,-0.1864897643063,9.98628574131976,0.392409423101881,0.445380670333478,832823384.07904,63791898978.0476,103048665861506,9018630780934340
165,16.3196295792387,16,-0.190490928356659,8.48782448332233,3.06267427968721,6.11085363400801,0.914277171292914,10.0650316367144,1.10598293815458,9.47727096099284,0.434658346808783,0.444773240906715,1613809456.71819,162387399275.862,1310171544371.81,79234695366530.6
166,23.158095119,18,-0.166398778903077,9.61916715787677,-0.159719410766415,7.68092902961899,0.212017446589494,9.98947293890409,0.386552545134601,9.7382168081495,0.471894215808598,0.456141357641349,1021978716.15464,63898098188.3144,1749624566219325,188647384230955424
167,27.8342867573639,20,-2.9405713084781,10.2965320058242,-5.57425142011767,8.22994438830643,-0.779952331546199,9.98222638952706,-0.989264577869536,10.4126968869041,0.365206735487778,0.445525749181984,11808522.5112931,894772919.704146,349089812591168,38048997763349048
168,27.8433917736463,20,-3.1839253207653,10.1381829019316,-5.78392496716576,7.96327451344723,-0.658950130987245,9.92552620259874,-0.913407880223367,10.0697160893076,0.357794861093133,0.444489399352372,839256374.180076,72266040845.4134,105146343805503,11481551046252970
169,26.4725996912025,20,-0.416730133975914,9.54012377205544,-0.745220426776605,7.94277678916608,-0.287220746688772,9.92771896791314,-0.194778613691052,9.80642802140167,0.458115532019788,0.453781750724689,150778960.273912,7627480151.05015,536673560607.22,25943040358993.4
170,27.6710817230251,20,-2.02235243932875,10.0960577583539,-3.87441239628718,8.05425469717907,-0.551285155181324,10.1323358740592,-0.358609274933189,10.0886744517734,0.400191129403103,0.451676360232484,84965131.6096083,4625524943.76618,5250612434868.78,540569678339056
171,26.4622337034082,19,-2.54067000346441,10.0820753817053,-4.74052914636066,8.06058571126727,-0.626865682235621,10.0050437077114,-0.796543706077619,10.2408514692052,0.37838003195762,0.447364959207895,29177364.7404026,1636682498.91929,241274832277644,22395747301552628
172,27.8370237029022,20,-2.95719073480571,10.214144018825,-5.4477063741504,8.12997863054944,-0.628027248327663,9.97384202844518,-0.996601718275611,10.4644430205657,0.367846032987327,0.446602416903148,1430044.90446628,87431571.6300826,860178959807.215,39043587757209.6
173,25.8810577553355,19,1.36598996220786,10.1754128441846,-2.98081744767048,7.05018880373779,-0.0941076389161237,10.0051135820783,-0.339468662245722,9.97473514594468,0.576596981451926,0.456480383526888,12860052.3320247,1136500564.40142,503969313499.047,19634658433746.1
174,26.4567041954117,19,-3.10830306668492,10.1833079853811,-5.74140588809613,8.12951750029456,-0.972476845618446,9.93642665183376,-1.07906022432678,10.338088354776,0.361531508552067,0.445226725210276,243877033.699766,18995478542.1115,1754185481374.67,179960033718864
175,21.1215567682373,20,-0.899432126679159,8.30478627757865,3.23386465665067,6.22386068699368,0.488754950837713,10.0560849213154,1.19925477562312,9.49407889758457,0.385191948870608,0.435028703067636,2113141921982.55,124061180674590,874250589282.736,64819226867561.8
176,24.7494727453478,18,-1.10124273971085,9.48278109201958,-1.43385450179406,8.06499371743477,0.10996298550359,9.93713431469591,0.292383563403126,9.76778991083904,0.420977763323158,0.448658850497961,10013123.7515592,341359079.411327,4788569630281650,524380276172309632
177,27.7494083343513,20,-1.32795873029586,10.2342926001778,-4.32229884273267,7.85122353107315,-0.655103243316718,9.96580724247544,-0.843075346194395,10.2655872311526,0.443141811742959,0.459489149582747,1700607.30026476,79074757.2975148,887713839486.776,69877559282055.3
178,25.1176199623737,18,-2.36796354565815,9.94802883132216,-4.68171699903558,8.07197014059074,-0.59740413297178,10.170652264847,-0.797549430461664,10.0967078821135,0.388401315636992,0.450098713485568,491928820.164608,52814634231.0881,239789498497.525,13628274048646.4
179,27.8508491917429,20,-2.19376863197186,10.131493596952,-5.10100730990995,7.9810215351214,-0.733633311355184,10.0462772937935,-0.942346894497353,10.2985935890826,0.397418296861684,0.452557508634422,12796221.6833978,1002585513.69591,504177726999.504,31859780565096.8
180,26.4621975422712,19,-2.85749157372264,10.2747310384338,-5.15242610189218,7.9921793630502,-0.641649542954728,10.0664854810544,-0.674748032775131,10.216454410579,0.38031331846807,0.4487116817428,32106964.8295244,1873312140.0028,262643390211.772,19205701368122.2
181,27.760679267794,20,-2.10722041229631,10.2588365630491,-3.84799319549548,8.09808748856531,-0.321757237689212,9.94650173634861,-0.41263827850314,10.0066576440209,0.404220977443382,0.452397879871438,586228443.818648,29193094732.4429,270686356685.493,19468192615148.3
182,19.6535180950776,20,3.54913985248307,8.65872088698291,1.60794365191194,5.32333897883805,0.622621434799681,10.1129344447512,0.956421953276194,9.41403159342614,0.656469897013212,0.42661736701066,114660494831.686,12497376752290.1,642184290880.183,43633052026749.9
183,15.9359934157895,18,0.356214586608654,8.4238015300134,3.67594164959956,5.69259695389511,1.02288540360815,9.64907631627436,0.499174213294466,10.4376211966823,0.450595125885388,0.446174918032888,6295099530.17838,438182989245.213,574777494681.038,24955050736081.4
184,27.3463021561452,20,-0.582701977093672,9.91711597968284,-2.83500660132202,7.73362628764638,0.0359047172452654,9.94814294202899,-0.0693203478053814,9.79767593399255,0.466153547018048,0.457082723000052,36993769.3288664,2660890675.19324,388240988705.355,19973504216463.8
185,26.3099013573698,19,-1.14386676511791,10.4719210459861,-4.50780953803898,7.75979858514453,-0.397895634359141,10.0235659092793,-0.479450160533845,9.99799456095112,0.455440176758146,0.462258815339658,3413248.16302755,226860611.536083,179930075141.928,8415782202256.49
186,26.3537733209211,19,-1.73869838396839,10.5067140511246,-4.40960985938863,8.00630538997089,-0.708154005678622,10.0952431942141,-0.725529969036239,10.2143191675544,0.425277721603071,0.457186199652229,603863993.004562,27000157950.3846,853277829050.699,59874978497585.8
187,27.8345317327875,20,-2.72063039773727,10.0412240615972,-5.20995770725495,8.01082955286561,-0.443623225256366,10.0918401993662,-0.846357729268577,10.2645694935518,0.373513307061441,0.446271215880126,10538122.3343162,609487281.728026,8558758008807.09,655392906235735
188,26.5006519960545,19,-2.46063673655606,10.203226481431,-4.54708115192101,8.15251878038822,-0.743924778734162,10.0051556719418,-0.616478326880861,10.1103180182434,0.389243483371034,0.450315092138185,8990819.09399644,289975434.71917,4018337197195.95,303371972539280
189,20.8433572114673,15,-1.02706147932187,10.2385089201945,-3.77895336736625,7.77678368897438,-0.510471078489537,10.1688914004307,-0.411701884306095,10.2638122037267,0.462499103577215,0.461705404740202,774632881.795719,84159142771.2724,143059081885765200,11588391024100757504
190,27.7798887585991,20,-2.12881821783634,10.0887046207287,-4.38153725912393,8.03040999874147,-0.396797100886354,10.0143119261672,-0.692957331527945,10.1443867903222,0.402007432013885,0.451827939351721,30182520.0700396,2133674692.0329,550757118741.5,36571780190391.9
191,21.8835052212635,20,-1.25124716443192,8.31825657139526,3.14356291587916,6.57076860255251,0.897447078818419,9.74732555380699,0.90810098095356,9.4924578351921,0.367155639458825,0.430580052923941,2139045031.47741,113619960342.341,5738910120854.38,376096696726195
192,22.5482957169231,19,-1.53857673670602,8.6391433617011,2.02277055501956,7.59247875948765,0.217050016918621,9.8349573262545,0.186923736949501,9.74385523747013,0.37248086020871,0.432485845452628,620992360.071317,51181442856.5711,126422591392.417,9441377428695.04
193,27.4928123944117,20,-2.06714774601978,9.64532864293227,-3.04251674856702,8.22907960970509,-0.437016400740949,10.0624599397386,-0.264706855873121,10.1335965499216,0.388158592818964,0.445613937036349,1082569300.48897,71503322050.8338,108217496019.801,9691385066102.29
194,27.8575364034367,20,-2.6850308752926,10.0776821513727,-3.88968597033916,8.46573888657433,-0.503788282021104,10.0629505189024,-0.68974122315755,10.0315896738482,0.366611030887994,0.443599431470096,573045153.394708,60119904104.2981,2513075564406.71,207348446148035
195,27.8403340582255,20,-2.8799662271364,10.439151217752,-6.01996533099064,7.91869697162992,-0.979502105259793,10.1511253788911,-0.933326167275963,10.3276059266408,0.369659207940557,0.447453448858358,9561585.79718891,680175030.890922,5986493000204.88,472940384396752
196,27.8340724661343,20,-2.81938182251262,10.2071535455167,-5.74133418713756,8.07685700249126,-0.704781679662396,10.1541947861019,-0.769370700813378,10.2029251885649,0.369152156362964,0.446705874016267,18964245.6734691,1057887094.2257,2699458857907681,295334017587067328
197,26.4464134077904,19,-3.41228426454568,10.189004529213,-5.72689028908397,8.06729454646437,-0.931683865280896,10.1050081989126,-0.739459666207847,10.1433626118258,0.346998843916292,0.441432116540701,8090519.79268227,482658474.664285,411459388463339,37819260997219088
198,23.6843829789139,17,-2.95872833775939,10.0351954648099,-5.38008917169661,8.0087065786382,-0.59340297808432,10.1996788433089,-1.04603827375181,10.1922197290118,0.368095112722602,0.445793772375904,89046234.4894262,6927385589.82211,11117172825494.3,572192795371616
199,27.8426954234624,20,-2.20813882376732,10.2551891200603,-4.55241526907068,8.13519967069858,-0.478104594791049,10.1798602543838,-0.653137366078834,10.1902032954854,0.396740394887899,0.452328340770311,487668361.605623,39485088736.5558,308578819726.603,14984799261359.3
200,27.7337766510552,20,-1.08359943717999,10.3156351901663,-3.760839585179,8.0024744016208,-0.50714932515754,9.84657097421808,-0.889676907711609,10.3188689362553,0.447374598464001,0.459956901421783,54976358.4086722,2025001673.45691,33160571200.4919,1657880415417.97
201,27.9053536153063,20,-2.15226549036776,9.95382929625302,-3.08816942225285,8.30074561114111,-0.379775729587515,9.93553968659369,-0.490900320214633,10.1360662459945,0.386092939096359,0.447042022185879,14975402.6898286,1351079650.77197,420724760407017,45607863730833904
202,26.4668720339035,19,-2.92101973214439,10.1273239162246,-4.77827995973473,8.10394179742504,-0.450971551527931,10.0014619860897,-0.57065969745976,10.0781855083212,0.363520660636496,0.445245777552487,3632145.54180039,202851731.027418,18085530788544688,1351702218605344768
203,27.8336208317593,20,-2.58492161371176,10.2635288691775,-5.11176063756902,8.00150469738463,-0.716219594189063,10.0183251623062,-0.660521974926392,10.0667534575227,0.386175982931368,0.451668767985115,16250069.1248392,905889066.295108,2640274510278.67,161658475952958
204,16.2825911191467,20,-0.042562756582126,8.09920293625648,3.99043551395554,5.25159394254308,0.961981493788781,9.55645554428871,1.42900391065161,9.40105091793442,0.436312845077125,0.443966983038816,210227725.392209,13804601349.8079,663057429060.121,29894298831307.4
205,27.9467291553405,20,-2.17855121619851,9.93524549023443,-2.56803147446614,8.57106126137448,-0.0461542999003562,9.99850042714041,-0.185181504601356,10.166213748176,0.379870535116191,0.444799478255991,608642985.340965,48274409919.4816,1168714685301.69,64633547331336.3
206,26.4468813191821,19,-3.06290138269499,10.3984947228452,-5.08097808300707,8.25841324192817,-0.535676820589354,9.95895741102598,-0.730593069578464,10.0691576962446,0.359240747704875,0.443584431303105,16607704.5640445,1655854706.50065,250735827431.126,24802078451053.6
207,22.2876600294765,16,-2.45292547006188,10.2126755135739,-4.98021664845831,8.07473225214715,-0.705601688988906,10.0448979264131,-0.566860148018687,10.0452804367385,0.388367328933308,0.450666383877121,7290999604.13241,749237408191.5,5789008116604.32,624432011369110
208,27.8612527089536,20,-2.47464205073109,10.1849466286588,-4.56824148437049,8.07981007694159,-0.522161071123477,10.207142362455,-0.548536047483884,10.064725916713,0.383672065922386,0.449854399618261,16314134.2879186,1041232352.71859,3454346593622.77,207504883185343
209,24.1638758881197,20,-2.30718296318204,8.58149425730851,2.28494462363559,7.61176703614389,0.256822057132829,9.81829852556474,0.700774090160552,9.66687964537424,0.32026191307038,0.418918050229365,225893537.082588,8594218609.40525,431812914881.993,35427174140489.3
210,19.676963381796,15,-1.36043731661276,9.09719636278478,0.246496350848547,8.06572412747065,0.247177045002484,9.95579018461518,0.352989249019094,9.85223977346515,0.39800849724925,0.445028565499072,26474058.9087136,1003467416.07592,1179284592492.83,55573498472684.5
211,27.833404589432,20,-2.84083291813951,10.2254705945824,-5.26086751175821,8.21865543695226,-0.713379128043233,10.1123525443436,-0.80132870911373,10.3931055856388,0.369663118328472,0.446489929489413,25536799.6713278,765924304.712234,27317974717.3232,1016011144038.2
212,21.4558496560717,20,5.37901538102986,8.43183215987089,0.350136135743422,4.74383129199746,0.480568432547582,9.97705503349793,0.546258000029883,9.86436422947955,0.759838944521126,0.379147707611992,2713291.75590643,132622320.468352,253603745159312,19652096658191328
213,27.8437822583378,20,-3.03361201268925,10.2223314661205,-5.64856424244063,8.05504134519399,-0.868771494242501,10.1503892808703,-1.07825381247865,10.3348785754828,0.363534373112231,0.445716425149646,989169.454284394,39527056.3426494,7542499725369.63,649831684969463
214,27.837238657215,20,-2.96911257865583,10.3758119831874,-5.41397553947,8.19305424531122,-1.0097914042285,9.95757229971898,-1.07296161413678,10.2734840297384,0.3674043079819,0.446381584377973,351472829.439588,33571938245.722,529371536263.969,48588269318697.4
215,25.074674947033,18,-3.1044725148244,10.3038090195618,-5.50291886462732,8.13775608361431,-1.25380541817577,10.0174442449445,-1.115308683733,10.246462969421,0.361641001144598,0.443962309629309,546060076.190744,43149378948.9318,10011353883863.1,877603754003649
216,26.460333331233,19,-3.11284140845865,10.2488320751532,-5.83525352268766,8.08575701274589,-0.656073516455574,9.8859344611485,-1.04234072280588,10.2993343490874,0.364773184152988,0.446383006581783,112341834.906052,11999801446.0394,306389386329.405,21157842784222.5
217,27.8114745921709,20,-2.05668451555945,10.0784602049986,-4.8816773574042,8.04655012062957,-0.622820737648402,9.97459509441139,-0.929530730133358,10.3603927542748,0.40664408437918,0.454005527316672,11623853.6098337,527765858.701302,957475460024.88,100002389619747
218,25.3704920121254,20,-1.80629126206444,8.86694473425118,0.976832660169755,7.87184916223331,0.288440528529978,10.0505152011798,0.388340894649834,9.91822675901583,0.367728219382328,0.435277961980342,508002149.803826,42145070030.6368,62859824442.7737,2127485156706.06
219,23.5888199922199,17,-2.45540578679231,10.2858168482853,-4.32161596252752,8.1483059703578,-0.384285099793634,9.86425804556835,-0.687524996708887,10.310373773115,0.378947657514414,0.4465517200073,6261804.02641154,320504294.703097,1415067555770.7,87094953785155.5
220,27.8294133132343,20,-3.15260410549289,10.2492359297793,-5.77236364126026,8.03270368682592,-0.655636510238103,9.80441199235447,-0.703691351434818,10.2296457559162,0.359111334347874,0.442691321991739,744479.00813729,39597492.5258396,2094525663275.63,121399080455861
221,26.5901201899738,19,-2.09987880212072,9.8660306657968,-3.19378357991598,8.43961509085099,-0.411088237715182,10.1653275525284,-0.546769370609731,10.0245636442783,0.38581708116749,0.444698283548952,224904020.950216,13704978244.3927,5634222937757.55,515341312497338
222,27.8117106471873,20,-2.34065332098853,10.1530056500349,-5.00799350230309,8.24704954387979,-0.648187738349641,9.99166080552849,-0.639994028525358,10.2381742206551,0.396837578646541,0.45125010028318,48919071.3370598,3179275459.68409,7902813724930.19,742054431698451
223,27.8403346578783,20,-3.0576123153926,10.3676346123224,-5.60711614981129,7.9798907278952,-0.826322362946921,10.0439423578382,-1.02096335814096,10.2614347137397,0.366519281594985,0.447681913178654,9539353.18187155,426988224.253981,5841926168726.31,472627328560219
224,27.7892119279867,20,-1.59732406333906,10.3802145981024,-4.78201427942047,7.84160341958396,-0.335184961480986,9.99413419523358,-0.374939756854755,10.1544375120373,0.429111986853948,0.458684478320057,11365466.4381659,592713548.13453,5187554646620217,568006284245868096
225,22.6843976742785,19,-2.04963892582826,8.55390121921238,2.07454776458032,7.56972748774356,0.18600994358736,9.98781205847877,0.43914214245805,9.60409587543584,0.341774482738936,0.424478347212502,3986412860.29661,338941484965.292,51183237890997.9,3937728788332471
226,22.9179174933451,17,-2.3733639248064,9.39319177640666,-1.76587691056764,8.56091491468575,0.146390246680958,9.87602036076712,-0.105499439474341,10.0838125762236,0.358716342595266,0.437461846333531,18231170224.8381,1404175003556.66,8108876279658.87,783232636807169
227,25.0712767892702,18,-2.89424833645078,10.1643300948734,-5.78240671339794,8.15303551515815,-0.613692758985021,10.0236364462997,-1.14385890983998,10.1863752193251,0.368991439557747,0.4455386137564,56077311.0808182,3287414058.58582,1152098136104.38,64214777441296.9
228,27.8420438858615,20,-3.18476328211485,10.1446780073127,-5.51307765611565,8.02407277022611,-0.541640760876868,10.2116699652518,-1.02952148842696,10.2761391065164,0.354813149941612,0.441873327278451,19737382.1814624,1426283777.57045,113728364309.089,7006324493709.92
229,21.2508040291343,16,-0.813630132236185,9.4324332163895,-0.860711652029083,7.88836067719344,0.00150778403165321,9.74090698193425,0.157430281317895,10.0287164361515,0.443478926477916,0.453757251941003,227649671452.72,24002238723628.2,3430384743905.56,360164257981397
230,25.0007786885942,18,-1.27459620390852,10.3233545175672,-4.12458365817063,7.87087540782413,-0.533211477783236,10.0594859143742,-0.746617002045778,10.1940969409511,0.446643025269532,0.459190439321099,26061180.5610194,1568318741.55444,228184879915.669,12294285500981.8
231,28.0961804107793,20,-1.52456166601086,9.63688913045645,-1.38599120100931,8.07510051131204,0.064631978148226,10.0288929404514,0.0490372883731385,9.98559256592197,0.406664536281306,0.447940215454383,50132400342.6241,2007199956145.19,35917261068049.7,2730149232821230
232,24.6440536667985,20,-1.5195237738522,8.54382780007692,1.49094588084626,7.55011869905595,0.419694091031374,10.0987063229111,0.552188852212539,9.89437812246197,0.368889817851516,0.433011290343769,115665463.492359,6096871375.18452,456965183726.266,20443643753968.3
233,26.3154258925902,19,-1.07347129323108,10.2397861235389,-3.89061000671432,7.93404576032792,-0.203498288073785,9.89817189600309,-0.487088069458301,10.1049374963349,0.45055480017295,0.458350146017422,26479061.5393035,1198640388.10982,556039935139.85,27420449649784.4
234,25.0694195152361,18,-3.02172261265282,10.3411557261771,-5.5095874241351,8.18810870683362,-0.711969501168048,9.90462866743349,-1.46910196892944,10.242848003878,0.363766196036341,0.445265452546937,22985858.4602858,2335447020.75422,1038767795556.22,72059476974302.4
235,26.2928962168016,19,-0.370977853060713,10.350351820777,-3.84566950633277,7.58171918628999,-0.302454619523847,10.0108710864311,-0.17683114492543,10.3316082960109,0.486669908438058,0.463927302740815,10467635832.579,812857612081.355,215565698445705,22781106020818364
236,25.0664456346281,18,-2.95041427295018,10.4165607066459,-5.25104299536461,7.78717850327972,-0.796935212649119,9.83996937256504,-1.07486959576794,10.1929257529962,0.369354465033221,0.44693505855172,39222823.1204164,2657754394.46652,190340395415038,20830825072102700
237,27.8426490157859,20,-2.97418720467747,10.33027889234,-5.80634795084488,8.19832992607601,-0.87981714882845,10.009935399356,-0.823028802858294,10.3194835841527,0.368455929343525,0.448474085654169,10357713.4008424,797555669.577156,2482307459880.9,162230256563967
238,27.8529235700826,20,-2.28843052914982,10.0681817221474,-4.37208845185813,8.08143024966595,-0.638152578289889,9.94177624798445,-0.590223812923285,10.0948146110028,0.388605545690614,0.449618545741166,8388826.96202085,451656906.097729,10663614242192.2,1157455258818332
239,27.8512559163669,20,-2.58085857030881,10.2763522437782,-4.83231903698587,8.23218965671964,-0.787163958291191,10.0341025509665,-0.797034201064443,10.4166666289541,0.382458150779208,0.449474210740037,2031216719.36363,102097163324.992,3321580164570.56,238715396391298
240,27.8325767435679,20,-2.93138263265789,10.301295185312,-5.64100681768475,8.18791545912456,-0.790948691493042,9.78911241450765,-1.01534708245548,10.2511622791899,0.36540717345239,0.44464335664706,1764796.98177267,86089300.9527532,264457264170.513,14341512429282.7
241,19.6533529369916,20,0.116924813626127,8.45031816066922,3.47113781647659,5.67814527339167,0.725156050765736,10.0992612473488,1.17761997219337,9.38942762044282,0.451041506825163,0.446822955307796,1174737729.54621,120095878788.018,838322472728.001,56125005529629
242,18.2643985298089,20,-1.66399130790632,7.78612240716762,4.50841984644429,5.70539740011005,0.739270079949603,9.77935873748694,1.4251603032365,9.43548878346349,0.335706561579138,0.416550703647064,1247080955.32699,97844754867.0475,1475721783790.65,155375365641904
243,26.4534770093671,19,-3.07100899257785,10.1347435955036,-5.51500788691024,8.2540067016667,-0.653969656547389,10.0546500603121,-0.970189527931104,10.2861765421191,0.357743167678781,0.444160191877808,193949151.83661,9507038142.88704,304880750021345,33347779789906004
244,19.1075537515765,18,1.23257741126209,8.54625143933839,2.11615764669895,6.10268189041435,0.609599745799524,9.82220944632687,0.88366256472739,9.60732147408379,0.531445624506645,0.447493616548488,1846063322.63269,140002396658.329,477637601788.62,38857959226342.4
245,25.0321705855843,18,-2.4471662572779,10.1836569123003,-4.70236552203806,8.0982686607611,-0.691582594591467,9.92054214367491,-1.0564590518916,10.1913459284148,0.381844230030861,0.449105773377109,4846047.40839124,299821029.728597,21275300881568.9,1874375648480591
246,25.230028202252,19,2.27246103376021,9.95570452220955,-2.22071594914752,6.67762433078149,-0.0330116203566386,9.96512156129909,0.261123123838282,9.8703264792815,0.626922723684017,0.445594530270978,51332181.8546516,4678165238.9739,486262329432.3,17810019043651
247,21.7592424804911,20,-1.53741373809188,8.21383343406462,3.4258360954449,6.52741937859447,0.718050962029038,10.0914500812377,0.991878467779258,9.56841882736116,0.35515791116082,0.428845508352935,1700763387.64744,89543967987.2987,127914143532798,13614455800384770
248,27.8355082863594,20,-3.33651877560537,10.2169256605513,-5.86350332189253,8.05843895291454,-0.929042113496017,10.076840763223,-0.891588753599501,10.2123950300791,0.354713377380754,0.442833467646059,4603756.62279715,186698692.792528,1041874299216.36,79913948588714.5
249,27.3165093001687,20,-2.65248479165737,9.4991488509825,-1.9484807457661,8.59525775745001,-0.306499538102135,9.91303811303814,-0.211645411205234,10.0949167834466,0.345563063652423,0.435184430904325,16061139.9622404,551665758.991542,25137398192937.8,2242429063719462
250,27.8324863351166,20,-3.08427645875342,10.0806376855031,-5.42266218814635,7.94001539867432,-0.999532549346716,10.1404082123404,-1.31230895101464,10.2425617722859,0.358831951133234,0.444162345833372,2600113807.58255,275045068949.294,4171733982727005,359038693235438144
251,28.0958216174468,20,-0.780231722440319,10.0573445825335,-2.923552984103,8.02843162562092,-0.330319266789867,10.0772130025982,-0.349105729458206,9.99737369098001,0.460754802514632,0.458769704804721,225875198.943072,18475352152.1209,740752317607340,80395729911515216
252,26.4490395666099,19,-2.53295168346363,10.2234028203685,-5.47927896667334,8.14774262606925,-0.647528201324768,9.98007251722063,-0.944374413221441,10.2976413922061,0.380885476791326,0.448882156615161,10546781.4285178,528353612.800977,15237495373567.3,982316087060295
253,27.8344041019821,20,-2.51189083092655,10.2732574877758,-5.06822650203926,8.28094507891353,-0.637268869562792,10.0026984474642,-1.06062628241368,10.0674306811444,0.382263984194497,0.450428254621803,96300398882.8491,8818575263375.64,2729290420027.82,258000244867219
254,14.1527970243178,18,2.95075163024096,8.67149118902921,2.75065444994835,5.03475707864507,0.794427222794312,9.79545457909572,1.19259321458915,9.53718898498855,0.613300006224098,0.437061843114517,1655315655.90176,80118416255.9572,3092855462775.09,245225362585430
255,22.2647624988802,20,-2.85071329713106,7.70746990347808,3.65854061614855,6.96865439358755,0.579019791908901,9.94558141939042,0.7639570629588,9.73815891480889,0.280940672658312,0.395453624207771,263869250.121611,12031670278.7087,1410673462925.18,76267417772987.3
256,26.4688304673727,19,-2.40288163061954,10.0528192145219,-4.78153403969979,8.18154588910166,-0.54131363600269,10.1584257842316,-0.623748832363764,10.1233579268828,0.384149577931189,0.448887226264474,12829091.5839966,1089444059.12002,21092770931679.9,2211842097602707
257,26.8086498066929,20,-2.58753689408903,9.11087028243478,-0.809641977521785,8.40966860329485,-0.0342319201579745,10.022512593225,-0.151134057189845,9.86869304441247,0.340723349784904,0.429677434536253,378267183.656918,27239545543.6895,52771681098619,5010502510924688
258,22.0213335743038,16,-2.4707686473902,9.88410475491224,-2.68541342889327,8.37604064357314,-0.445992406136985,10.0192762180353,-0.465478865112604,10.0940567769101,0.366409348766363,0.441045213894415,601774499.583007,44107212874.3573,8790981931447.38,930257112393797
259,20.8864323831515,15,-1.9274261293844,10.080114853444,-4.86261973098758,8.00460669430812,-0.344882868355351,10.1709731311638,-0.739152942972303,10.2700279872528,0.407833972537539,0.454409200137694,1895660268.72967,120649291597.805,340988958424.247,18925697068222.2
260,19.4954922876496,14,-2.64534321731397,10.1293857472601,-4.78811671116788,8.14383327711955,-0.811403342157947,10.0626778790885,-0.755322438665288,10.1335534881599,0.377073622930523,0.44821967316973,80768442.9795978,4868348478.78302,2677656071272.86,272728069553769
261,19.290888830824,15,-1.34440197682537,8.741146501676,0.602697407896066,7.78013401243191,0.309503687627767,10.0535729237918,0.473040474193095,9.79365735682605,0.39096355591837,0.439828025306145,694686109.444525,48762099816.2002,5562524760324049,608312213980477312
262,16.745073127359,12,-2.59662083130773,10.1605247843415,-5.49070359555668,7.88759031524937,-0.476058317016723,9.9354769248865,-0.851712897067735,10.1397301108774,0.381885820680188,0.449276636355507,2557847.88379949,150380869.850077,373315870156.641,27328563117141.8
263,16.7670830060264,12,-2.71367443886038,10.2578465005519,-5.00517326274947,8.04876489891841,-0.927270018494266,10.1575338766788,-1.14880027172172,10.5993651507357,0.380256508871598,0.45035681528827,1848928009.25052,202017518563.157,1378207644427.53,94441444582433.1
264,15.000398544796,15,0.713576951046255,8.69225321610824,2.49742820463621,6.04412469183624,0.492610131098353,9.97537675493707,1.10833009022217,9.52589000387363,0.4954123376952,0.450278081688147,1155313217.08878,69177340015.8076,419771135287.531,37111566650420.9
265,20.6352590752959,15,-0.402883448754659,10.3753958812524,-3.55186730816209,7.68852439565401,-0.370602295494952,10.0306791160251,-0.35831046798889,10.1471605332775,0.488958258484601,0.462871458202854,3487708802.13295,252989985433.399,11954005662646,906338853967280
266,20.9061075940057,15,-2.96643482660797,10.4152573091083,-5.36227425784278,8.14390944886877,-0.733886718396557,10.2704706370371,-1.11282998007743,10.2174046876575,0.371434268870113,0.445990301581148,344748279.539713,18907248487.895,688985004663921,74449513456537520
267,20.6593261765008,15,-1.75589756261686,9.93273895122166,-2.52419884853896,8.22875084573543,-0.299302401175359,10.0540838757563,-0.291816484790864,9.86942324393796,0.409660256903094,0.451845385797609,28696719.3958054,1326641604.9964,5096024792510.32,352978848939297
268,19.1269717030467,14,-1.55503920996692,9.6222734725567,-1.94743844232512,8.12775341268446,0.037856240774988,9.96754980974887,-0.0769509369205846,9.92212774246625,0.405312309154877,0.448795434951644,138882703.485545,6601861207.20076,10712268785492.6,615147145356682
269,16.7594482585877,12,-2.40875652190432,10.2717789705505,-5.01154743082961,8.04655461766002,-0.721382540947963,9.95401428283904,-0.900522010687496,10.2501138350628,0.38385493074583,0.44978767775929,683890.555423936,29477224.0281613,50279990860192.2,4332861036651719
270,20.9726391607925,15,-2.60133239920743,9.99475921444502,-3.89443829001187,8.20980108967212,-0.625608216600991,10.0603161658156,-0.773665287247561,10.0053410541414,0.376885209247539,0.447118147023023,1105262953.4521,85538242082.4068,38644206810726.5,3947612055649924
271,14.7667668922594,15,-1.02302065671242,8.43054807059358,3.09651672812123,6.76180586061317,0.509678045603177,9.86404074082301,0.969489702959158,9.6823583794951,0.397076779243536,0.438293116222054,1204435991.66023,79834407390.0459,1332854346468.3,56264233282529.4
272,13.9549026827261,10,-2.58616254717618,10.0389785809259,-4.97171016486257,8.18295131811217,-0.731374034121301,9.8581113961316,-0.664906353613002,10.1543117306936,0.381079913432748,0.447469523865943,7784507.9710705,310837198.611772,98875949634977.6,10240556409067408
273,17.7511270285884,14,-1.5075044161499,8.90917232538909,0.295775708021158,7.93278847247965,0.49396157816792,9.88111882578468,0.272241208445427,9.98424291946657,0.391016701253948,0.439941988241933,1771216249.20952,139870206243.15,18383944568429.7,1836418822435976
274,20.9069295802443,15,-2.84920164140901,10.2077009793317,-5.62301757709917,8.06544129047463,-0.623393716691375,10.0387951240144,-0.966237556690784,10.3784160116395,0.368243907867356,0.446502571358944,16783280.3908657,1687865048.69952,305625633857.058,14427009331261
275,20.9091021184966,15,-2.9848488848144,10.2566695294097,-5.61411258750394,8.00637887695687,-1.00633229236322,10.1440146343754,-1.02011941740472,10.1614793741582,0.366115098393123,0.445918514025601,1959516411.50022,196947791109.161,129130729889.619,7936890256490.02
276,18.0932429993468,13,-1.91774532832703,9.98104774257725,-4.16549301228624,8.15238889044214,-0.451275049087904,10.072641474893,-0.681710535908711,10.1151390207816,0.405914220774655,0.451414984779174,6036902.19781685,433168399.918551,3870778245858.32,301277941710892
277,20.6714396477448,15,-0.948386691062989,10.2314715939702,-3.74553673657166,7.69191930559007,-0.318923590347279,10.036415202616,-0.366006074387287,10.201404492713,0.458307164486833,0.461660388952902,16387871286.8658,1039091872608.73,101705975080.663,3578109675097.25
278,12.1551683588432,15,1.1023628716927,8.45401088095953,3.18228785177086,5.3658431790176,0.907561474147844,9.82266266588016,1.27761558930554,9.42991704719594,0.505117585555894,0.44906234775293,567780539.476511,38004257550.6245,291830119738.439,25816388360513.9
279,19.1588989769152,14,0.248961064749722,9.65947839835732,-1.28341579357987,7.49849816685039,-0.181874835157548,10.1165369214303,0.284327502253572,10.0671594711168,0.507048300815184,0.455082954298802,64571598.6536829,6520364444.50919,263740368378.375,11744932219958.7
280,20.9219188046744,15,-2.78157025661048,10.193818706929,-4.83058690557518,8.01064656397297,-0.491996955664791,9.89758769871156,-0.779300016751734,10.1050083759414,0.370843130169119,0.445045354654648,2078809008.51586,134387142104.988,1204542414734.26,90712642084198.1
281,18.6188751146936,15,0.642426791349382,9.19328789705466,0.264453653740491,7.0483054353703,0.245743638545899,10.0760955372276,0.494329735280328,9.98594085920055,0.506532840433275,0.452573819539219,812716945.807438,57672957702.9312,1519053647112.83,103087276239407
282,14.2062723422273,15,2.73813352964177,8.70565540657137,1.97472546268342,5.57519031626307,0.457954366269513,9.83808755024948,0.694647981496298,9.47311296655885,0.612477848733342,0.439135641581227,4985482549.43432,308356054424.637,15417439231521.6,1097264504161223
283,15.9889861404652,12,-1.87492905070828,9.21746387436725,-0.976353316090288,8.35602237044846,0.0426032927212244,10.0253329526053,0.0395300407306387,10.0075407244082,0.372004090491715,0.439491503130814,164992263.903312,5840896318.72091,59683080398784.8,6476703578049447
284,18.2530574238025,13,-2.78249088450425,10.0933249555074,-4.19967284987511,8.24200823154937,-0.557154996917906,9.99619265729692,-0.826919394899114,10.231071106825,0.368113825458321,0.445742124018111,8421594.04612404,494083850.264924,165149351521.828,14474866580395.3
285,19.7966468502093,15,-0.950397020550155,9.54411402529222,-1.01442595945713,7.908194981303,-0.00488094471496603,9.83769444983402,0.0642526009241948,9.80525261293527,0.427725974827868,0.451856103075725,266930276.942919,11829443347.01,36156740134621.9,2789588335841770
286,14.769670218678,15,0.877439092322944,8.62827906426883,3.20297698981403,6.03126305247728,0.697473470677,9.76880489666937,0.648784811125472,9.94410822044109,0.49373830636233,0.447816494302165,109824404815.255,3110208221919.61,322108978735.891,15663527324317.2
287,21.0217392127711,15,-2.43352201444817,9.71407213464752,-3.68627288953729,8.28837261186909,-0.347300063081788,10.1378729954002,-0.458474645086975,10.0783003594168,0.371826508857303,0.443367545540614,14353847.5284306,817364646.211273,16852324374017.7,1338881292096074
288,20.9048244762715,15,-2.99623292464813,10.1874706793064,-5.05180075971959,8.17797050782386,-0.698847989273183,9.96033105370838,-0.91349384009027,10.6058140358985,0.3659911745476,0.445395315897274,190198628.617894,17924800067.4067,7228358498692.5,570641730770896
289,20.6539626288207,15,-1.80076220226169,9.83012269550965,-3.02908353952769,8.38143986522198,0.0502949347820779,9.85265695241515,-0.344203838594269,9.96406796505389,0.403664940615467,0.450995924664442,1294731231.64,96871514529.1064,55179703691198.8,4427770149382811
290,20.8835200964751,15,-2.39389224007372,10.1028733258157,-4.96431522521202,8.00324866720919,-0.87113207100628,10.0557060786481,-0.734527725641628,10.1976829668359,0.384707242799555,0.448676180614405,408233777.940439,25118963598.0156,55689774895.5928,2966840461661.47
