"subj","alpha_mean","alpha_sd","beta_mean","beta_sd","gamma_mean","gamma_sd","log_delta_mean","log_delta_sd","delta_mean","delta_sd","waic"
1,1.19970583033205,0.923167928691458,0.334149401202351,1.50257953005625,1.98371132946945,2.22075918074675,0.604323126941965,0.676982932657404,2.21262460490217,1.16478238289581,NA
2,0.923011875314186,0.391644787983362,0.332856231923822,1.317818754699,0.821558935110749,0.995911334713145,-0.148220593024849,0.623461097104995,1.03993927601363,0.604073589344984,NA
3,0.581426721533287,0.664135562971307,0.566649092636285,1.09818091781433,2.10350379901889,2.74566072792331,0.1558742481319,1.06714532759006,1.98798272748012,1.88916530898562,NA
4,2.02297538926063,1.87524611436398,0.639350945785833,0.826269069943753,1.19756442140881,1.21643284522661,0.289538817209284,0.884484499298409,1.90140373841021,1.41451658524523,NA
5,1.95116926171083,2.08171954808569,-0.316716908970653,1.079816646552,0.674430553533267,0.294770070421083,-0.616797421437856,1.44353619337708,1.43550510132347,1.82295622937864,NA
6,1.85658635068615,2.37106611033213,0.0187331257383081,1.3867088868169,1.4777993101831,1.09341979358282,0.451724583172767,0.897992543134218,2.08103448497129,1.09471004540286,NA
7,1.1059194694971,1.13013000294096,1.26267628682991,0.753594641385035,0.293839495844609,0.117955825568233,-0.372201353424916,1.23880217026146,1.5500586240684,1.95744186295478,NA
8,0.516701811304202,0.32025775331312,1.19563584480949,0.589275331195792,0.492849888095069,0.216941748261818,0.247834245535626,0.748899753410313,1.61768723526263,0.918859295712843,NA
9,0.431406976923871,0.183608319018618,0.279667360401088,1.42890629437269,2.03914318496375,0.742196452888933,0.807199340051623,0.739634853271668,2.82272887324408,1.6806738204228,NA
10,0.750875786825697,0.343309384046808,-1.7543858649659,0.0952612514588128,1.35194041630381,1.11092238665979,-0.423646878146507,1.06287874309957,1.02641936121311,0.784599467089099,NA
11,1.21044859333621,1.02219189483721,0.935926840761639,1.21418928718385,2.37072487694544,2.23591510137637,0.250780083448352,1.39681938922724,2.75492156434573,2.43675859704388,NA
12,1.78244626111527,1.9954361968352,0.482127391108486,1.51882907213313,1.96712894252942,2.50072150281379,0.348867457055515,1.0520724176303,2.16111203555861,1.64853619554417,NA
13,2.21683808820621,2.44274951144503,0.336052073651483,0.676370265310563,2.55027727498011,2.60036736531886,-0.211592248614086,0.599305683116722,0.949375784379325,0.47388064474324,NA
14,0.451130579538019,0.0757271818887877,0.76615390863484,0.547022404590847,2.95693594210674,2.12380015426919,-0.141459149822102,1.00243521195467,1.43335064442363,1.40587334842294,NA
15,0.554302228828453,0.26385532784817,-0.0322273425937981,1.03393997730628,1.58708538595434,0.940634088998113,-0.00912841299226874,1.60277547220919,2.60487559715406,2.60032873984448,NA
16,0.632147307137061,0.388359151951241,0.220899700047128,0.966748039624034,0.919324851269257,0.669604221138111,0.116971028697457,1.30342657154673,2.19754108317304,1.90633375788683,NA
17,0.988777368045814,1.45153506334559,-1.09912645956634,0.616067932626857,1.00579372788027,0.69263000773301,-0.577414282669922,1.21102048377928,1.25616962113974,1.62615385750385,NA
18,0.950548318651788,0.618476503744558,-0.577254514893649,0.393806243657295,2.27587017757902,2.93663345249783,-0.481766129592633,0.619028977809833,0.722088034237733,0.332831768868173,NA
19,0.555775494388635,0.442883931590589,-0.192540217884301,0.846606695638727,2.01729033609663,1.50975311945556,0.591392054715821,1.45028306572853,3.27037584103461,2.14910440993761,NA
20,2.104194531522,1.96418372930803,-0.182227549636,0.810903675466887,1.25491727801923,1.84431955824239,0.380711546231979,1.08490747272802,2.14513733137722,1.23283205909413,NA
21,1.71027904067932,1.65015233395803,-0.638775806963955,1.40687654286293,1.23296278034739,1.0931852139947,0.684532191744391,1.15347253700558,3.04069949882981,1.87087449307543,NA
22,0.539009951057358,0.370098494028058,0.363870012308069,1.1126845127566,1.62325550505042,2.33451790327802,-0.175686059513426,1.19188380889349,1.45788855320899,1.22673521732482,NA
23,0.611936115040151,0.373339363341961,0.513331178245773,1.09191305839717,0.784337397137544,0.630279354483983,-0.803154393669202,0.540668836833667,0.509015087503515,0.227225256799091,NA
24,0.667789485787294,0.699718349954453,0.919952223317548,0.620373690637841,0.848681971410115,0.448424007435337,0.283823434293624,0.397764593649538,1.43488199532946,0.54445244996852,NA
25,1.4333813662336,0.701958258680708,0.448308654392399,1.12628860435597,2.56073094995576,2.17928125718902,-0.408865459104309,1.00185307762953,0.9815325154877,0.690413329353969,NA
26,2.2484048292976,1.50293681972101,-0.9494244194247,0.26418608975452,2.30492985363037,1.58457861750296,0.907939004051585,0.111140064862944,2.49416175210574,0.266435516010203,NA
27,0.365702090144874,0.124805166012272,-1.01719141709689,1.34436387837347,1.21609399444395,1.06901536042216,0.807581161753442,0.90735474066801,3.29201003326341,2.62303393369492,NA
28,2.31759553925727,2.16628730500221,0.847839240161436,0.993506598310045,0.444331881840598,0.229052430763632,-0.409369736045617,1.1285790251441,1.22946807058075,1.29636679749758,NA
29,0.673764423937014,0.387433762327622,-0.693851420963635,0.914053158667105,2.38491575340274,1.68019833165295,-0.859747097132727,0.862811170927588,0.638814912811833,0.617990370855695,NA
30,1.53830748581816,1.83528112815135,-1.05774111424761,0.802258290542745,0.511991131766597,0.174731852319489,-0.123295689097751,1.04826889870184,1.40013464182215,1.09388667423784,NA
31,0.658760934427106,0.365014469247202,0.820377589172276,0.969626420368566,1.45497975790883,0.839388188591393,-0.813092362540746,1.3404906678889,1.20874495516312,1.69557400219022,NA
32,0.932150747457627,1.10277250398254,0.190826652310098,0.454307053467939,0.548010835242319,0.568124351482837,-1.13694231343998,0.42513155164956,0.353147197786128,0.164547526763143,NA
33,2.21871408107879,2.26416424080618,-0.867742277663285,0.833039232634938,2.50257521979247,1.16986323085226,0.0303192054952161,1.11746041349241,1.68343964397541,1.28172710899021,NA
34,1.71633481308867,1.51026896680656,-1.02283395610698,0.963130798824642,1.14088194528464,0.975723130972716,1.61936201198243,0.186161771821138,5.13943213043474,0.978709711138507,NA
35,0.578779662689794,0.364822192062015,0.199801122310579,0.936992493174693,2.20262813578621,2.3322194208665,0.38673753376851,1.29672845125503,2.48943568567544,1.73824030479585,NA
36,1.75696009158624,1.36615912768435,-0.723697320271806,1.25484113675919,1.14731332975443,0.804967352852134,-0.172454922966001,1.01632616083034,1.1949031605641,0.701112944460747,NA
37,0.90285171618241,0.439685825040584,0.272853499285064,1.55028998663272,3.8081224826299,1.92141580554776,-0.0800516708882711,1.02128909355783,1.51239686191622,1.48012618612536,NA
38,1.20012026117908,1.35546099672799,0.364832121299541,1.03810078350833,3.2579005315412,2.77363939221004,-0.0961350407247043,0.536917512722568,1.02023748440655,0.393707448545021,NA
39,1.64732824312088,2.20333438256083,0.163174657404863,1.09986512155177,2.53382698174024,2.38301693293569,0.213199428277173,0.525290768784353,1.44416694353569,0.883748441637008,NA
40,1.04015247106977,1.36343809457297,-1.01276407439939,0.765858996777285,1.76937312095592,0.882664594703057,-0.582802294896802,1.34003595368799,1.5024489862746,2.09135113429632,NA
41,1.4947530161274,1.0716589609671,-0.211737063227761,0.882709407082751,1.54565013426414,1.67234962884172,0.49285781770176,1.4688349077212,3.18309015448461,2.37700039161617,NA
42,1.6839343988321,1.51038043004557,-0.247436906470326,1.61835564020189,1.02169280450055,0.559763809400798,0.130664221989223,0.894096394198425,1.62449183838536,1.19640133415474,NA
43,0.602633758512381,0.421736541265259,-0.189991471600934,1.43976303518456,1.94144290784643,1.43608510762895,0.0248095363549277,0.985159927854548,1.56433819681927,1.21980462237403,NA
44,0.729790874020183,0.733366388093602,-0.387480687343341,1.37617664959816,1.14403246451625,0.719706976446079,-0.285253321558033,0.995135983312315,1.23020901345745,1.19623449404992,NA
45,1.27541997545668,1.40379044317608,-0.812620878820942,0.660718220809639,0.690404810099278,0.707453785491766,0.285182618521825,0.943981421173956,2.18109646866771,2.29876855204367,NA
46,0.909472837192128,0.347726725134194,0.210428496330144,0.716521050236657,2.15021233788913,2.65297209851622,-0.565295846621903,0.838303115042372,0.800391831569023,0.642214559922349,NA
47,0.287949937299467,0.0950404460770491,0.995218740586125,0.948125966060343,1.73844422574104,0.801194047368578,0.241136002343463,1.20042612316037,2.47570844560276,2.71724334599058,NA
48,1.03060725985535,0.715497353977225,0.420308160930996,0.439819706398398,2.41818838039831,1.41208152911819,-0.412398185818959,0.822950161262575,0.890169877115439,0.5828562197756,NA
49,1.53237636175507,2.00175595441292,-0.119914420966246,1.23803498769751,0.544591838098692,0.308957872558539,0.0501137075870874,1.01893250518246,1.73778433172339,1.73403786971175,NA
50,1.15681375741409,1.43901397353655,-0.080050019739998,1.12854465208248,1.14125811449024,1.06391867107892,0.118805919923858,0.847860930372902,1.6910867501284,1.65109892566941,NA
51,0.159360513150516,0.0383277150791365,-0.0104876178927198,1.0225419720648,1.89302736966108,1.77141196904019,-0.0277039382370466,1.10071704426953,1.61909895383462,1.49634414890352,NA
52,0.531493446247375,0.293273795258992,-0.160025010934267,1.37789178073916,0.701399515601128,0.209851675049639,-0.932513758884365,1.02626619572688,0.629501060949403,0.524392970522797,NA
53,1.86992314098998,0.69821035153097,-0.82245573888373,0.58924767392344,2.25273578066894,1.54240695914812,-0.536930486894579,1.02406978090246,0.917926910679876,0.710012651795797,NA
54,1.12405880320317,0.469438315165194,-0.957500008902212,0.502449156042786,1.65717959825571,1.68297403764854,0.54282991847246,1.00886010278181,2.73576743749579,2.41807535615766,NA
55,1.33803751549362,1.18102358641454,0.214847147234453,1.2988412185944,2.72558514832691,2.72770667073604,-0.766414836206632,0.76654007968401,0.60077919516004,0.392597466594186,NA
56,0.298136756928354,0.16004363172802,-0.804458643755727,1.0463690305312,1.36845879696849,1.5147183345498,-0.139041065303738,0.651334569740314,1.10016490958243,0.817451482476288,NA
57,0.527274769989566,0.43130914554477,-0.440271255112369,1.28164940838126,1.67829405324967,1.81380173034496,0.441194984611648,1.33090457675663,2.80340580346246,2.17425147153462,NA
58,1.94583924563905,2.23826592264427,0.261352986651829,0.845438171082054,1.20968352352626,1.04449857533516,0.265857605100938,0.464038050802322,1.43622063945382,0.570284478800811,NA
59,0.882864364577656,0.39965788348408,-0.383772031974788,0.824326533203565,2.70208944800149,0.664211254494736,0.520713967354476,0.686493942388139,2.08436415406583,1.22012162308055,NA
60,1.43738772220859,1.36591880611152,-0.713987765415652,1.14574385253027,1.00314742209828,0.928083529684904,0.395190500068632,0.742636912950134,1.91873769502036,1.3259094923761,NA
61,0.602592471343557,0.34479941571684,0.31491087912715,1.49095225948738,1.81766263948216,1.62339806253204,-0.033238105930541,0.94645523728039,1.45580109011919,1.26009616650594,NA
62,0.544513923097681,0.375015199531274,-0.198382047257118,1.0674274251958,3.54668122663006,1.72680415081169,-1.3067004781132,0.344606425663808,0.285611475933861,0.0843094861404295,NA
63,2.37616136499196,2.05751308588854,-0.296599470801083,1.27624123599496,0.737279075179661,0.271306275385726,-0.328684839702707,1.02859660440712,1.1631689247984,1.0571939488531,NA
64,1.2173588313139,1.24080979469684,-0.175374964630855,1.2027177123131,1.62587374052215,1.48650947448187,-0.0413339758360471,1.76853156845784,2.89239298439127,2.73487483707498,NA
65,0.941982141222925,0.929122514004727,-0.877605743452744,1.41846946869087,3.65127991223323,2.41514602241148,-0.200159006861454,1.36127603616806,1.96717214024488,2.50245292467765,NA
66,0.515337342268439,0.296170999193607,-0.0510323263368654,0.629928775603812,2.41778556984956,2.09656668740135,0.412273828988822,0.890280221580546,2.36427182770974,2.42652487803434,NA
67,0.212556413156302,0.0491460294482874,0.345849676495325,1.10782946456702,1.32228543510683,1.14014787142673,-0.381024601315153,1.32184662228053,1.52111083492311,1.74172418625487,NA
68,0.404344849999435,0.208087835689537,0.531706263283594,0.738487834028791,1.85946536811834,1.63325519970574,-0.597077020115368,1.27299879724605,1.31505023193053,1.72588102853691,NA
69,1.26517948590841,1.10701396922993,0.468730457992004,1.17176446523495,0.870300063361548,0.605014795684974,0.857798022253074,0.341564481599508,2.49580553960578,0.818391015585051,NA
70,4.30642628519656,2.28812426875338,-0.247733994328135,0.339035552538586,2.60779400586913,2.07610119625997,0.140292869679165,1.07642878427163,2.1154678216727,2.37243768106983,NA
71,2.24953816881856,1.78994922332121,0.318369395777093,1.14953042869035,2.3078539511722,2.09865972094855,-0.443095043742816,0.913032738010674,0.940838976159523,0.761082589502207,NA
72,1.00714182933767,0.77569905096189,-0.227839595303341,0.897044381654527,2.28023568539989,1.48650007399744,-0.100757134353232,0.962868646135355,1.3387700659123,0.978138724964546,NA
73,3.12100703646835,2.60916037725848,0.0707433454615502,0.622516512530657,1.97769076899257,2.61349222390242,0.82142329937147,0.476084464545726,2.54850687614585,1.22670936543923,NA
74,2.21268305358076,2.1046425039408,-1.5209543627631,0.413126502008519,1.96456704515573,2.50464324976361,-0.64540039279248,0.267141447138774,0.542875214795031,0.137951614640324,NA
75,1.49552960025145,2.19469486621818,-1.0342340142065,0.250923992275258,0.717305578673629,0.275632048317598,0.0124699664443182,1.12659664084426,2.12588977633303,2.72670167282756,NA
76,1.21583800413781,1.06657295400528,-0.4364340288784,1.06579894807857,1.47348084866295,0.863209182907614,0.822736580634459,1.03352199868058,3.266790639084,1.93274656320253,NA
77,0.906312556820326,0.617897145127716,0.221016510863737,1.35787932856044,1.34831549313171,0.738323665327751,-0.680199459871339,0.655022351008538,0.628397842910308,0.414107856010297,NA
78,1.22569770487063,1.4962486793961,-0.0404589348332227,1.22137792847574,1.20930806681589,1.38702741847353,1.10675343436446,0.780552126425386,3.7975933330131,1.92331116104295,NA
79,0.863927052144905,0.78581952794691,0.194535264139549,0.786125310797039,2.36260619584856,1.65227162448282,0.00127881869500398,0.831099867458092,1.37782316353183,1.06314438908097,NA
80,2.98904494838618,2.16626200189851,-0.714338072394903,0.774163871089135,1.14213443222772,0.946625184553632,1.06586429062535,0.867566170407965,4.06370474813858,2.84068004379355,NA
81,0.708118789853102,0.449694033058728,-0.300288231518084,1.38245000606981,0.644944864124088,0.380378084986869,-0.192418672860662,1.45540897970433,1.89151844225887,1.78273307170997,NA
82,1.96742320613112,1.61762877486139,0.253053226996032,0.942874126493443,0.619012987440368,0.227069069736992,-0.631894648056539,0.680760693488067,0.659500243525597,0.390317571034164,NA
83,0.853896463306429,0.710645697890122,-0.137556884837086,0.985518796419247,2.34169759385938,1.26846290633643,-0.021610313389674,0.576895550659103,1.15169978171754,0.634782609864709,NA
84,0.553109645055549,0.395943912274652,0.753342337965658,0.795292828408876,1.93581181143325,1.83862448145069,-0.721834662931912,0.902237453618766,0.737288475116832,0.684237908582931,NA
85,1.71700049092712,1.96795921442989,0.645306430643566,1.12277029095025,1.97634796002518,1.98417457028114,-0.952360240352168,1.10166213179263,0.768732262517455,0.944412629733149,NA
86,0.925221202824498,0.742570272349582,1.09718083445618,0.662475849288183,1.42956639713735,1.08307511470202,-0.254576424524193,1.19061135743198,1.78906831483014,2.40356957907517,NA
87,0.961171260888784,0.555808690524336,-0.129982865641253,0.934193919277728,0.599009669559371,0.355343265703616,0.521656520233891,1.22892274893912,2.6704768801144,1.59808865409927,NA
88,1.43311630420005,1.98600262535705,1.66166329511215,0.127985236019187,1.7264974025584,1.40003382831583,-0.187133770777497,1.20383090727599,1.8611069370805,2.42657338059934,NA
89,2.11056834162538,1.50186580302484,-0.693182937196471,0.956828713216305,2.36825209527251,2.56036203895265,-1.13858800252255,0.486611168272291,0.352723960507623,0.12498325213871,NA
90,0.497474481149796,0.230493111520711,-0.119071280517087,1.01965404997229,0.454605015094036,0.277783827293452,0.361979808925315,1.57197687645477,3.39042891690395,2.9923328815971,NA
91,2.08881559828732,1.94508035143559,0.578842073149289,0.70795940932757,1.60591624365143,0.756444598361702,-1.25446488829223,0.462884587492436,0.314315795616741,0.12757918086133,NA
92,0.455544798617096,0.445021179882769,0.742958163125074,0.593132063959972,2.84661015251077,2.33932878365671,-0.938006726540563,1.16878583627631,0.868876363068238,1.14433272768537,NA
93,0.85903529606141,1.14388261460729,-0.140667456004548,1.1509634392712,3.19132129132517,1.42341749453576,0.843676699816682,0.0955486663544001,2.33530840776534,0.2161147210542,NA
94,1.29866687853901,1.77060230564262,1.56533157482647,0.174872667943088,1.19267654467008,1.19289675876303,-0.237374299410547,1.00198238049315,1.20654595387582,1.00509189826528,NA
95,1.38625553514573,1.82951784467408,-0.463118616806036,1.09632399445895,1.13871329001716,0.969812924403838,0.0610453305336339,0.807989357772895,1.48104927914526,1.2082837662096,NA
96,0.748873782769932,0.474437433969773,0.180102875187259,1.49162198786755,0.382242273361912,0.182977358442988,0.116174817182179,1.02679222696116,1.77667315468477,1.48572226700624,NA
97,1.37626409827096,0.465426969762847,1.11297084091468,0.572622989360519,1.88997454423464,1.77140266168993,0.169287209692283,0.975960284880323,1.79217876216222,1.46547882467079,NA
98,1.03069879050272,1.53985560366185,0.134081910803282,1.25054744863759,0.669726137486189,0.205970294866524,-0.0754642948574717,0.640419644916333,1.12203025884796,0.63033319153396,NA
99,0.678477963681184,0.611563491778036,-0.74691265701127,0.554583691086492,2.21133989871296,1.12483700484475,-0.00794330583653932,1.01127125220229,1.74501467920656,1.95287530489854,NA
100,0.408383655797372,0.124006781516811,0.0058789541959797,0.918861716153165,2.68995510714174,1.71745887219224,1.04054447256196,0.598432798514975,3.27107611564862,1.42701310734687,NA
101,0.757551431326386,0.541872957157723,-0.0625349564152259,1.4392657590026,2.01185572509498,2.0274764285118,-0.601239636262576,0.633146000669645,0.689496795539623,0.520132675392855,NA
102,2.20007688295684,1.62297881510779,0.410341243441079,1.43223777223843,1.41433396676486,1.21847181571601,-0.650199073344423,1.23238197153592,1.25846207245147,1.71188541532066,NA
103,1.20626710685217,1.73872807116535,0.292606699976044,1.18446581812778,1.93023972014513,2.63692128546023,0.315003628556833,0.495299964933302,1.57908356608838,0.948909708402176,NA
104,1.0529075884984,0.889925538182769,0.736782045400795,1.17511086675814,3.14183908666143,1.80245126619127,-0.862902839636463,0.587760551810095,0.488949802774912,0.231363469085101,NA
105,0.920867675507912,0.63673816412151,-0.617907042289304,0.851518800509507,0.835767764049524,0.630447792815552,-0.0460158978391882,1.14473199008653,1.71315137931681,1.64277917505824,NA
106,1.00470392880969,0.552940124349034,-0.349009306770976,1.23654846558948,1.73027162752613,1.61049668660278,-0.0184377773660393,0.931121929249941,1.44366519448765,1.08125042035639,NA
107,2.26773264041392,2.41697857686311,0.282154792313732,1.04398859164096,1.2401766448577,1.12999635651349,-0.222444261174924,0.291644808962428,0.838961439466943,0.280746580571728,NA
108,0.554422011937931,0.249494736046541,-0.382296808913917,0.830378812339783,2.46724452087326,2.26312193290755,-0.12485418053704,1.10264391678711,1.52925600205447,1.41301983168178,NA
109,2.22364372762526,1.91282215503394,-0.0329122179975104,1.03478430809565,1.16673876633053,1.18048421699917,0.0760061487052781,1.04337224444769,1.86722768320335,1.92303983585488,NA
110,0.972015777496648,1.00166969912621,0.344378242273925,0.827042820200131,2.57687385002701,2.51098254601122,-0.446990897923394,1.00631080028072,1.08753306256229,1.15589180798804,NA
111,2.26807020021506,1.8262809293018,-0.875821465954133,0.966992124194482,1.06862257644832,1.06612370313308,-0.299421996147559,0.820272732621058,0.991224709494839,0.652035595393679,NA
112,1.01746385335404,0.940941678549258,-0.00846400418247789,1.2548312852728,2.81879069261793,1.22565595070905,0.32126232136997,1.12310744314252,2.07350697520002,1.23332012645734,NA
113,0.959236855973142,0.911303495514796,-0.425193702102636,0.994654794676691,2.20754123946315,1.412141634714,0.352281394119605,1.12917951746499,2.39321142552858,1.92212733830156,NA
114,0.558485133924286,0.168915604446634,-0.429933024086685,1.03202985796012,1.52712579501788,1.30361482495636,-0.483455203832837,1.2980104491303,1.45091357943037,1.84705807585604,NA
115,0.378383724539802,0.233303641013745,0.156179732639021,1.15335826467626,3.58003203497368,1.97813223729717,-0.374350687307442,1.03277334612982,1.26277104027084,1.47722262367705,NA
116,1.50218694143221,1.69040969902923,-0.0510681034837784,1.33547751749694,2.15668163629949,1.93301560001421,0.0383216963731502,1.12578118946936,2.10513541714665,2.58986726880525,NA
117,1.50341752086213,2.3297505813109,0.856286264106675,0.390787990992557,2.09740489698359,1.70888240285897,0.138868474645011,1.09058516311674,2.19305785603074,2.57245775821438,NA
118,1.6250530647215,2.06224144886261,-0.820912484050817,0.530412763108764,2.35552466073846,1.64453013324671,-0.41153720020634,0.827070348379346,0.898780994118175,0.605196849818535,NA
119,0.207206199132436,0.0354379994325524,0.459911754823204,0.494106716587095,1.73078221463445,0.904215860097965,-0.204721743137535,1.03861962161202,1.31093774409056,1.17600601258213,NA
120,0.846697637414712,0.555523498933982,-0.172276229437433,0.562537393710204,2.47139664727835,1.79231269098589,-1.71959137181661,0.141654464957674,0.180953095144488,0.02580189291987,NA
121,1.16687146224911,0.423555975465464,-0.401986788253183,1.22982419497744,0.81087510431441,0.563446036544644,-0.873926285155202,0.540291922755737,0.481452557399655,0.249830923823744,NA
122,1.01891504953851,0.457817983111767,0.409347004732494,1.00848813611484,1.00480113550812,0.80723612701014,-0.254506045025802,1.39189629832845,2.1555540336988,3.00829890097741,NA
123,0.829449843100513,0.683219227115722,-0.657770796135476,0.915417371829669,1.91322715553622,2.11134322677186,0.0300663515121516,0.97143323554912,1.63712926699937,1.51853337279659,NA
124,1.55084262349615,2.11575567933083,-0.417831275226924,1.3502532073373,1.23977856133711,1.56080398228747,-1.09634705607886,0.347362166805615,0.353538165963838,0.111337220198986,NA
125,1.21545040012413,1.30881138188765,0.139560135778052,0.950748777871074,1.59568550883398,2.35235928297835,-0.747081383544189,0.577603183059633,0.563347799173598,0.347384274773155,NA
126,1.0140400778959,0.456094833632663,0.0471099173480377,1.28934343524745,2.74670119678381,2.61362064556435,0.29853251948415,0.706679508118579,1.71726299282457,1.18423697815079,NA
127,1.06847120511155,1.45700908408186,0.800620726886979,1.27946723217342,2.11055618424873,1.4345425606026,0.267839670078042,1.36170404475392,2.62366536344111,2.27672771249091,NA
128,1.98121909041454,2.16101257131665,-0.391976874074491,1.16609688373916,1.87424291285869,1.51345914775478,0.247460377187749,0.867438958256747,1.97049079084426,1.99794615774303,NA
129,1.61629265997047,0.728495295929573,0.382696681811506,0.970541939847038,2.18768661120319,1.43636541223294,0.0664189323839138,0.909512495021376,1.55436428980342,1.18242041674254,NA
130,2.69136296160488,2.66904657668073,0.277729922010021,0.698243670584232,0.443391278724273,0.295377711490569,1.00135098584944,0.536501347144579,3.14414802486387,1.68512757476733,NA
131,0.381889587963584,0.202355348569958,-0.270728170325119,1.41153134231206,0.431069347091666,0.169006495769014,-0.145052321034151,1.29151772082219,1.68242585051473,1.58033390252635,NA
132,2.03819785417937,2.26752827232953,-0.629192522588323,0.689757909866627,2.72245463931405,2.75652107879443,0.808240218072763,1.40457944260113,4.16312802276711,3.03226125575375,NA
133,0.956398901425476,0.745557565091115,-0.408514201047687,1.16403750748949,1.34986032707342,0.97991705146446,-0.482311635034249,1.36175122093108,1.68742387070069,2.35718708472196,NA
134,0.629847542568306,0.556240068375101,0.181531676308978,1.23114088243705,2.08112494152828,2.39428421306645,-0.36112475195641,0.851085416280378,0.983404199130894,0.760097855860137,NA
135,0.285704686774554,0.207504093465568,-0.110291041520714,1.05111905868668,2.92584251947709,1.92204757972651,-1.14230149065586,0.676071724983534,0.396595160225441,0.244450136625667,NA
136,0.484651205283541,0.436252770390907,-0.930172388829171,0.722325285350632,1.19046909424355,1.09059798585005,-0.674316213440395,0.414556124432256,0.553558537242024,0.21516917541835,NA
137,0.529996717887628,0.130844871346613,-0.095173973144239,1.50779085118929,2.61745331563263,2.28101115449824,1.0084584258618,0.326265040742059,2.87563839677338,0.798977139196656,NA
138,0.756060943924196,0.498733363109614,-0.490182638715447,0.966785417157508,1.81284864195296,1.61130828711457,-0.256771196405239,1.55625001132544,2.06647187021706,2.31741091696428,NA
139,0.860680298440375,0.359049807287326,-0.173197060520126,1.06217084280005,2.89751748667566,2.48340093181684,-1.09192240841426,1.24430722477299,0.845720339879159,1.18095849305211,NA
140,0.470054838357582,0.210426406267575,-0.121504477554559,0.919590453614404,2.74740469269998,1.86495802595499,0.282510396908352,0.796263731290743,1.7752923197884,1.20329687055914,NA
141,0.48372801390661,0.335381780755625,-0.816083664070173,0.955610608006138,0.72376637161823,0.7231013614401,0.91682956973756,0.761942814461579,3.20279726183122,1.95985243291889,NA
142,0.971540057340405,0.924034953108839,-0.372010682572541,0.334406728159046,2.28825383703748,1.36082693722089,-0.743555517736811,0.755551197875776,0.616701730522306,0.393855368438491,NA
143,1.66344804194036,1.02536678976607,0.608762084437039,1.09278321949836,2.57424933154759,2.5062173552644,-0.628247892051919,0.240086373370224,0.547891102264741,0.116330870532894,NA
144,0.419025538076647,0.341629988503887,-0.314161371246958,1.24580065769829,2.70391482449625,2.69521374788489,1.00278334038514,1.43321314040271,4.75844616613244,2.69818353170841,NA
145,1.34973563391215,1.72693333140838,0.644971124899486,1.17569089013064,1.82018453831838,1.38020643225017,-0.103086184211625,1.01482342690795,1.64412246215608,1.93738266279602,NA
146,1.24207768189626,1.513413760365,-0.515507993729742,1.22751871290032,5.35794697147031,0.823279729705723,0.827856837068059,0.626637688092126,2.83752176910257,2.0209382654753,NA
147,1.14317603268088,1.22140765966322,-0.911981163426431,1.35801041366058,2.26235035099388,2.27445083135232,-0.0544636497301442,1.2361170966255,1.71215789604463,1.39250113552181,NA
148,1.63192664844139,2.1094714620229,0.513636485750246,0.894346599135461,2.47256254368343,2.28063885743101,-0.501465569081674,0.792267624423075,0.864211805435629,0.794731269626086,NA
149,1.72940262299125,2.10344936916858,-0.749579631581084,0.745683612133718,0.845751186263203,0.732975215271606,0.479011378461799,0.843797582353504,2.21044911282903,1.53881594508222,NA
150,2.51717592561793,1.93769126186841,0.514254483332216,0.915759988990948,1.27614202196023,0.852142404835418,-0.80650742283298,1.05582929169912,0.808820021526912,0.902161179445185,NA
151,2.68092225103755,2.3327491468728,-0.190699202111552,1.16785777584849,0.439498023788042,0.24890113355111,-0.162760959156779,1.03613725564316,1.57495292463856,1.86045064302467,NA
152,0.400333920781563,0.150936911399885,-0.428010833226504,1.21533148208579,2.3961408682643,1.67396835433576,-0.775022806733327,0.779016760123892,0.631937657071698,0.524076655108951,NA
153,1.88647850570047,2.21368330768577,0.678725823360212,0.672134560244423,2.55662111377073,2.4167702000118,-0.178352052174058,0.627733058307482,1.04286769610656,0.759254112258964,NA
154,1.52671401525108,2.07259891911602,0.163618703994445,1.08908766035271,1.04689016287806,1.15393716259998,-0.816156344007772,1.27458188575745,1.14985708662197,1.61650100664227,NA
155,1.00927938441854,1.28292573453996,-1.10061810034386,0.60089610646905,0.726141500761848,0.331751809077397,0.0375493611859006,1.11235699067665,1.97769891041594,2.25087536283725,NA
156,0.518627750329256,0.354304056064704,0.28594648619906,1.27956740513115,2.67910047030841,2.40010366175282,0.252995579747175,1.2430072909338,2.37951341299799,2.23559247948128,NA
157,2.06395420477365,1.5780523365559,-0.0362674153791833,0.497200012887483,1.09274837074583,0.820491036603029,-0.547612620046709,1.16832237563018,1.07794840367486,1.08316186416016,NA
158,0.556021635520804,0.30592187939244,0.510125869305544,0.936918614593727,1.87751993548336,1.83526714409434,0.124599274299339,1.49101292788503,2.69369780154945,2.59115279085759,NA
159,0.777960758321412,0.647763335699682,0.314348569423467,1.00714247221237,1.05340417902584,0.473034377708727,-1.02501430332179,0.473722833585695,0.402923845689584,0.199762731546461,NA
160,1.07465534694377,0.774150491963707,0.30497295096216,1.00598141087213,2.2176978412714,2.34474412294494,0.153671340215382,1.29753024818932,2.22265470531688,1.86749626853025,NA
161,2.41619034217449,2.0333478338672,-0.0653645884059491,1.25838170793542,2.04880065010487,1.4148328355572,0.80493332469064,1.1394428884246,3.47420118702698,2.29818264278555,NA
162,1.98996055211565,2.18402375399523,-0.764662769759996,0.500851610780493,1.58146992792308,1.17323353290668,0.192063655066965,0.406701752397263,1.30566241902872,0.455674157079608,NA
163,0.981364900273671,1.1226552152656,0.0561743942508017,1.29308063401681,0.502262515684845,0.185837521215132,-0.113094874993666,0.676791907250957,1.13784116178279,0.827495854156153,NA
164,1.9728535343478,1.96844928450742,0.052119477595215,0.727568179538618,1.45953737110755,1.2673009996123,0.0884271858585039,1.09364850825799,1.59560980158381,0.878330456602532,NA
165,1.24689074311296,1.16728976522797,0.0600168300347421,0.94638547203224,2.147648235146,1.7589257573877,0.0175660328872715,0.388939953957116,1.08827915247849,0.353186847558503,NA
166,1.94345476561231,1.90341823111703,0.991742806230747,0.42180428905293,3.28101131517881,2.88971843784391,0.0594271858622656,1.30850815257112,2.13171074434419,1.9931261605351,NA
167,1.13130852478286,1.14241741926061,1.06962825119513,0.888151652378413,2.79987722232846,2.47000371137643,0.286591148178212,1.32175375191813,2.59951512455394,2.44380503152151,NA
168,1.71236078083539,2.15999299240736,0.191052764685368,0.632985839950269,1.89359064862562,1.82022375338649,1.4816465013734,0.257425110737818,4.55472123978121,1.24532560296293,NA
169,0.446457216722638,0.333908866929656,0.391783895182186,0.986187399860198,1.91289259489444,2.47989113004704,-0.278209935422923,1.31588388525592,1.54629754121805,1.5065219662946,NA
170,0.544124731279816,0.444472680861007,1.03260278694755,0.710228832613698,2.66534097214128,2.50583429527116,0.395862803881518,0.728133116279849,1.97339451301417,1.58080300990904,NA
171,0.5546376686654,0.311716660090697,0.209935231761387,0.992936681368362,0.845591377422151,0.24074421158946,-0.161340102078733,0.997793555286532,1.5400479356796,1.82190969231745,NA
172,0.75791143120861,0.462867274247137,0.374089514632369,1.19552157141116,3.48885129041342,1.68335889984808,-0.676527247163547,1.10705569228204,0.953849275549133,1.06229534009564,NA
173,2.05757503574587,1.85654441231974,-0.277819542418727,0.882842513797847,2.30428652182038,2.80794941245399,-0.114684337843843,1.10080790234751,1.42272500526105,1.12444229498652,NA
174,1.18239947337631,0.947105484264621,0.464484337126244,0.188580929414045,0.385038376375221,0.121258320782793,1.4758618358858,0.385508321487823,4.69339285582268,1.68081572588464,NA
175,1.8645145429914,2.10524892717425,-1.21786331576607,0.572502088221333,1.92710853326164,1.09193057735137,0.0862597145104095,0.624842145981108,1.35239797975917,0.9662671268877,NA
176,1.79620039101308,2.74043890817165,0.669964831450256,0.402322839136229,1.90310163193122,1.78754037104947,0.253620850994873,1.27909056465951,2.35101029106859,1.88429509670208,NA
177,0.564188587805451,0.359939091068904,-0.260413878497136,1.12830057371543,1.3018282928221,0.356608976802813,0.358527231034533,1.30631981047532,2.41136027824936,1.55852190652635,NA
178,1.84207005191768,2.05442369060776,0.864665670194892,0.891792951996257,0.818773124748574,0.616481651080261,0.0550644650596418,0.873426143307256,1.63792055471489,1.67642842466533,NA
179,0.688404680429533,0.340938917585599,0.521846562791877,1.03628357766467,1.06527229364209,1.01833756928361,-0.413749684505697,1.26590102135294,1.6748840886371,2.32099865278331,NA
180,0.893591305194193,0.627180889294308,-0.15216525735222,1.14654569713677,2.88712008254519,2.65758616178397,-0.223514705154427,1.40062052582976,1.98393516037312,2.4161558195613,NA
181,0.365944120285661,0.105762240483809,0.358443412227469,0.984868972220819,1.748321374879,0.877668938138796,0.434225480508432,1.1185366022548,2.34839597153516,1.53730809072054,NA
182,0.678596451321184,0.31169434451322,-0.823192532219983,0.975705641790606,1.32157935446025,0.991269854277226,-0.453840438636603,1.04917694229398,1.2330326975153,1.53135763585432,NA
183,1.22908210479551,1.11252104945488,0.64805644967065,0.85891423736734,4.06750784270815,1.91047877482046,-0.946575765761553,0.528829657983223,0.446597539003811,0.235965550281098,NA
184,1.57206458237285,2.1950486751397,1.10283520898906,0.201567121054212,0.317657655501578,0.266284916769247,0.125464527814976,0.651879885919609,1.40498713150503,0.922400681997759,NA
185,2.97241742430361,2.34292735830456,-0.163426355421484,0.776831638897194,1.25854220224926,1.36930896898443,0.383513054654006,1.07881882240109,2.51971731959834,2.41868441954229,NA
186,1.19249555282609,0.894293095994663,-0.408550340689969,0.729374587936819,0.706449138701888,0.372978004500808,0.395372784249512,0.896676037718565,2.30120373594029,2.27006840381752,NA
187,1.47795327789563,1.51005518888975,0.48506316417167,1.19627072662404,1.51377107220422,1.35454379062204,-0.844956248342355,0.608454496550741,0.505205183041411,0.256002720753948,NA
188,0.630941592273239,0.482680631610133,-0.279837489984181,0.589291493626722,2.04910733516547,1.5937551707901,-0.0881969910755279,0.577091267839471,1.05472954408337,0.486228327301489,NA
189,1.933519707483,2.74505172305915,-0.197200739632404,1.04212844430185,2.93793704413409,3.0051806336899,-0.13814747846095,1.00769812361594,1.3073722530868,1.02296734893305,NA
190,0.592679722245732,0.558075858068743,-1.22502582924616,0.586638073077779,3.06359354723204,1.70869619461099,-0.247940408457037,1.25720431441922,1.57537075098603,1.70961592211864,NA
191,0.811977039077279,0.732084054772916,0.588896956917344,1.17577186718854,2.31072824990424,1.88569490850734,0.641653146858022,0.846777351445652,2.62191534397502,1.80681824032954,NA
192,2.18697741965049,2.22946735227262,-0.475883069659518,1.133042948832,0.238131738131621,0.0387034104195116,0.466870678110007,0.896164426452087,2.57257205656707,2.77891361072607,NA
193,1.28764857568049,1.21147488580319,0.60290737469413,0.888416232760569,0.826775381357616,0.498918843947594,-0.00410984568834482,0.902950368016329,1.3593058613226,0.825966028785519,NA
194,3.0271745817798,2.77144665374038,-0.556340367874458,0.846251344513679,1.92313439927331,1.44200273804138,0.51321045678761,1.06596629152819,2.76168239659299,2.3555570512392,NA
195,2.21661235987179,2.22336046669357,0.426505219418652,0.757876824576733,4.44900079932466,2.29216961146781,0.830917117807049,1.15243239327081,3.75975803791752,2.78149005906323,NA
196,1.3649042241934,1.63340329515688,-0.0283951330090461,0.424304447485567,0.248873801095857,0.140587715887018,0.173368562046302,0.768904274474222,1.55000966525848,1.04284577261254,NA
197,1.06095545770099,0.698096196837516,-0.338146376331598,0.953560970126815,2.2537997727606,1.51007337193784,-0.334193777553207,1.34533258633538,1.64096924717544,1.89541995962698,NA
198,1.28680815876624,1.70085480675899,-0.0277457679234841,1.03015510285038,1.7345772508372,1.32045312391447,-0.913023609173444,0.392669261310428,0.432881824028508,0.163876392430859,NA
199,1.31706031036777,1.16861237690265,1.13225852991726,0.653355932958072,1.92733636585454,0.860054786482346,-0.479932906265748,0.879917059509531,0.846741317454469,0.565409009439977,NA
200,1.79839323144739,2.07758392298126,-0.874349257901364,0.572556350608502,0.915285535192211,0.886147571176459,-0.476423065651124,1.15688268811744,1.23626096767114,1.43454865543296,NA
201,0.696980915641486,0.458106133174305,-0.12000088392372,0.448968009273746,3.43434567258415,1.54448309465482,0.413009844925761,0.701477458165258,1.91116417108085,1.26564551163931,NA
202,1.56640771228066,1.81515236215237,-0.255464567609822,1.09101546988227,1.26020388364818,0.893397297488048,0.387423511059972,0.457050349899677,1.65258605272948,0.863034963684125,NA
203,0.451563372750107,0.244217403636184,0.726016076413223,0.897532371963245,2.00787158631243,0.676293438785501,-0.321210425821238,1.49102891790222,1.69313747483955,1.53410650285728,NA
204,0.654696641711585,0.483019194423531,0.887528238120124,0.942307579714606,2.40860338364366,0.917193876444817,0.635978932793103,0.736897768634755,2.5839731101842,2.26695122000652,NA
205,0.956317408184485,0.682644695879397,-0.296759069951135,0.592744135598707,1.20426201911329,0.828788837940568,-0.0331308837909949,1.23940631467801,2.06720533325716,2.50892816153315,NA
206,1.78854622194182,1.39627713521395,-0.536328671480483,0.941500653096572,1.78569516686404,1.72986380159199,-0.386324951342374,0.42649576039398,0.74327820699741,0.307168030864238,NA
207,2.17186502807893,1.88078217286607,-0.068578999543953,1.2702831212319,2.58572938623215,2.78307616482406,-0.333878626107785,0.746810699798511,0.921005075715986,0.614249652185906,NA
208,1.17545799231134,0.641803871490619,-0.935535921293482,1.22721125855787,1.27474691708863,0.484615130955078,-0.789261767672856,0.422324326017294,0.497569162613962,0.217483506649475,NA
209,1.55631343190048,0.882227341012219,-0.327324468549556,1.04153026402675,3.46833950737094,2.42792361205978,0.718471528322587,1.2483923792079,3.3147550087888,2.05041520048965,NA
210,1.38678892990513,0.937511116752756,0.35574189782674,0.923502057126046,1.68855898138613,1.92937309867539,-0.066191857790109,1.15060813796468,1.98305567371508,2.52096335084266,NA
211,0.703011213889221,0.649356888550297,-0.0911970658659726,0.884106147390737,0.614459264195749,0.2567309589732,0.623754096900952,1.08574427922894,2.75567022363755,1.66199561441748,NA
212,0.829485515530502,0.688938735295873,-0.226933140053319,1.08415023657042,2.47851779350169,2.64788181530446,-1.30889288260067,0.496250687024863,0.306566630469216,0.160074392612479,NA
213,2.02444755761422,1.51584278903273,0.507384731668838,0.860291880336214,1.07935408524828,0.849445096692061,-0.233222214489343,1.28217721031474,1.93240213099176,2.57934221255314,NA
214,0.490469189914599,0.287462136064682,-1.1234808036516,0.603407355870517,1.18497048865865,1.28931620874267,-0.47167006832254,0.913651470384033,0.899786732337697,0.652148654327326,NA
215,0.506015049161121,0.265669282853792,-0.62200138830711,1.03421777694897,1.41421879414185,1.00998630646481,0.181563894207326,1.03208893889635,1.87422672506986,1.58097360074917,NA
216,1.60534201236021,1.95093260805984,1.34254483137376,0.953881988198329,0.400501662607295,0.145956424171971,0.722666377865414,1.11568489939853,3.16010965665243,2.06363266304127,NA
217,0.982234369698144,0.581741007422323,0.473681736357805,0.853199820039024,1.57845053645029,1.10509893457182,0.0908788173542448,1.24438468759487,1.78853214251536,1.20195484366739,NA
218,0.513338450034828,0.282265328826806,-0.0484503427330861,1.19965971775817,1.31288002857205,0.753798294077223,-0.360394951330472,1.43192778261336,2.03901738169876,2.85460705269445,NA
219,1.67163191734968,1.31878867226825,-0.848833431268189,0.701321771694172,1.60870744042437,1.15141567255767,-0.461491344134341,1.02985022219234,1.04155174076762,0.970282882992779,NA
220,1.39683541514267,1.63535549293255,0.576036496017102,0.514747124359101,2.10279168151252,2.98033793115515,-0.308573635598135,0.884157889786191,0.98452325399356,0.573677451391699,NA
221,1.77044496766154,2.42240747375376,-0.200902632670901,0.694070202230011,3.15153403992271,0.752303905105795,-0.218747202622494,1.45131123681491,1.83987398243074,1.75581733829321,NA
222,1.51305218895134,0.97276303389104,-0.0912421716218144,1.30356874538233,2.0508253704814,2.14829116038411,0.573539211520307,0.885501298740109,2.69944797383863,2.58122534682894,NA
223,1.21212731587125,1.54294822949452,-0.615629025126715,0.72518294137556,1.62193876425639,1.66389774292329,0.531639468532955,0.624304518119377,2.08908101784188,1.40463947829985,NA
224,0.85543202742839,0.701376743448376,1.06709979522312,0.485267932399797,1.64472333013636,1.57171412232219,0.102807445594034,0.963484999962372,1.80755240478182,1.83931895477228,NA
225,0.9908707780303,0.757599704238527,-0.218500488035158,1.25245558658162,2.45641366094674,2.25649538176369,0.300657416043428,0.326216903922542,1.41857726314926,0.408795562094074,NA
226,0.827835424454177,0.572330075151686,0.929348940628355,0.666365262927047,1.95552340908944,2.30281030300081,0.909322533228782,1.20332749005626,4.06784805658138,2.83692477618845,NA
227,1.61950295700758,2.09039213826581,0.473640156351197,1.3889400637893,1.6238811308013,2.15555699152542,-0.0807511631372329,1.35363330316985,2.09629667443378,2.36146721714418,NA
228,1.45126076599007,1.92461432423766,-0.387323404738234,1.01832491472871,0.717458718853082,0.786277930335279,-0.905049363559483,0.670738143202641,0.526112114302077,0.428343874672453,NA
229,2.63647558958705,1.77792226150851,-0.582217711181272,0.667174875739073,2.52314019054521,1.67000519117001,-0.0371257153710493,0.0655974860591709,0.965595138742706,0.0617476491264932,NA
230,0.738334242674026,0.563462553773182,-0.755691155963943,1.25162862156852,1.81447045066024,1.548312221107,-0.16657589282032,0.897597251069963,1.20643071298407,0.883658598369182,NA
231,0.980654968655979,0.783274150559272,0.0693141166185626,1.13320206853492,0.413786113031166,0.0297916681617216,0.668713839629671,0.995431984266246,3.00149925398808,2.28231632290619,NA
232,1.29628587492002,1.66351386806027,1.0296330978976,1.4173198521378,0.401732292684206,0.066960461117075,-0.702249549239367,0.988062909979472,0.757555431803889,0.575193773882823,NA
233,1.63584036203059,1.85985759879556,-0.23402136479622,1.05530827202734,1.92290153691852,1.70385491576908,-0.191984521353607,0.337472404711039,0.869780637052716,0.259636688837178,NA
234,2.17342803345788,1.90752700508377,0.182400601647344,1.07403904466647,2.73330709321796,1.84601579295323,0.165278342775685,0.947874819620075,1.63908557987372,1.02508319819266,NA
235,1.4865333245848,2.18755685048794,0.646892067065639,1.18385875081737,1.26439565085253,1.17405032010863,1.15345283507376,0.47094782646648,3.49981340192204,1.41725260628172,NA
236,1.61455359005013,1.67029421399018,-0.78559580332333,0.74623035121589,2.18707247489531,1.90103890898174,-0.667924861207345,1.01985784744093,0.88767018335195,0.955648186735918,NA
237,0.366795533586972,0.182442699089964,0.21065102621026,1.2953151611365,1.88408659182365,2.57127797056725,-1.63689070097243,0.26106693698713,0.201246255435983,0.0513272920021479,NA
238,0.712876848674032,0.807531518203618,0.621331961501341,1.0945681212788,1.88263418024529,2.56632687685498,-0.558931377078039,0.747555655535085,0.723699534415414,0.428211081526188,NA
239,0.239746079917723,0.139415745751127,-0.0332144473683659,1.0824689691422,0.33735454005414,0.185055561248189,-0.36359459581503,1.12948400586903,1.316934511752,1.49782763645294,NA
240,0.428446025767724,0.187543166705961,0.227742232009269,1.29511835617373,1.32503023851137,1.17511100336203,-0.91260451014874,0.641742428723135,0.487082099852171,0.276117952212458,NA
241,2.29484559254212,1.76363346773448,0.346809025894213,0.910133118137237,1.01347743020395,0.578123839842934,0.356069189106119,1.48664961587872,3.04120201422068,2.69804684097522,NA
242,0.35768527954648,0.28763158708981,-0.506890741846064,1.28886539176564,1.52646281398822,1.36453747486734,-0.874170494709775,1.14926901017891,0.849048672912011,1.02669340205078,NA
243,0.505872168238114,0.226917208231897,0.589168755452409,0.76580446363532,0.778875870633962,0.551358776203906,-0.370851425397165,1.39887080080566,1.87599134242028,2.56428513383433,NA
244,2.24922406046217,1.5028750947251,-0.690871764471765,0.802135898673874,1.90251363182024,2.44471196754201,-0.534474094081459,1.3135341238699,1.36425432676522,1.67798169170963,NA
245,0.594355454833039,0.344466487624719,0.402143996786569,0.989349442930894,1.71114147202593,1.46383419723712,-0.0883328047012393,1.00145537460732,1.40843424912102,1.13008376017065,NA
246,1.5928544171411,0.801996190046783,-0.1400976605147,1.24383490629111,1.65485825347023,1.84498863966188,0.090929464929497,1.13840249597407,1.72125664171295,1.18908078781531,NA
247,1.61751784943152,1.36845995523096,-0.727377327443193,0.516089007391947,2.2874703972423,1.18436605452986,-0.381858647774067,0.923887404187393,0.987718632415285,0.784258345118003,NA
248,2.22513148342715,2.6629576682519,-0.00894820296296297,1.10661335738604,2.5461963532766,1.8840108049967,-0.0153517211194796,1.02158232957465,1.41494499701137,0.87372264558393,NA
249,0.607877829072257,0.21133980236347,-0.258385089201596,0.739150956692039,1.61003750496173,1.18188582757902,-0.0667475693348424,0.614833998164172,1.11841158019593,0.618796086034328,NA
250,1.35387169931619,1.57172882016535,-0.386583461630879,1.00820551958155,2.37905625248141,2.70523884047188,-0.802735262021146,0.598958388045733,0.551709117021947,0.399925548618147,NA
251,0.910173824173205,0.933332920769413,-0.160694962429619,1.16425519766306,0.944907042325902,0.509456696715884,0.138550522904428,1.20524872031483,2.41041933070941,2.88600512554292,NA
252,1.51922412973739,1.35310318596963,0.760482456976731,1.10021861297487,0.712948495891466,0.346104031382817,-0.576862841565843,0.679650253707004,0.722528751035554,0.554019976395156,NA
253,0.468629281471886,0.345975931732405,-0.656213326900313,0.728623383317786,0.867340359082188,0.30832042555306,0.423362509269256,0.932884658178337,2.07031348274319,1.1515658449784,NA
254,1.36521319183791,1.4333403629521,-0.416890350101198,0.628417639063616,1.99266807825899,1.1466593959547,-0.21754979391678,1.01951586943347,1.22227020053617,0.973710685404606,NA
255,0.499133894720766,0.34756388247954,-0.705340038721643,0.826731623745514,1.6808620545474,1.59281052510814,-0.414112685425521,1.29381438277497,1.7845096513373,2.54644146182114,NA
256,1.87754870023465,1.9443279208663,-0.348197336775134,1.12231707986907,1.44972260199785,1.18233726254701,-0.286758054425032,0.446628302526464,0.817077931111921,0.285368344182005,NA
257,0.514000815773129,0.437273045515026,-0.0612621058395503,0.787737298206674,0.460322268080452,0.170923066161782,0.798003255483428,0.728096195516293,2.83944833124503,1.85328810322916,NA
258,1.39599884072134,0.686889115543179,-0.285857077001894,0.940204906856062,1.36301260419985,1.01449618621809,-1.41319021871788,0.28413881206061,0.252801603179968,0.0656767434703203,NA
259,1.11106125223161,1.08378970754077,-0.713588270664008,0.810489755371891,2.16805325696558,2.7452449566599,-1.13806345690339,0.610410379152822,0.391687165248534,0.266803561651109,NA
260,1.7240871365695,1.79649124700939,-0.635635208287246,1.11668475884863,0.507199823749107,0.272927744933011,-0.942224079204059,0.958470424096125,0.582723028302625,0.433071251496733,NA
261,2.11907178808688,1.52930646049553,0.384579387994425,1.00814963687508,1.77588593283611,1.81780047459659,1.67134698061314,0.374420683138435,5.66539365002323,1.80910695338261,NA
262,0.685811531863963,0.543009643982846,0.417233492467414,0.51104676220749,1.44997651273277,1.03555083314218,0.606915498219917,1.39089912841712,3.39803709103032,2.62829636255264,NA
263,1.84490052104585,1.95892066160991,-1.07996434772395,0.797341376420085,1.76818817269289,1.44674377591171,-0.0146521738066934,0.855318189764411,1.32274953912278,0.854360639667342,NA
264,1.42956798644162,0.819582010392465,0.702158971776787,0.370573778208991,2.12124862242578,2.11205244549125,-0.0031476704517226,1.06290140747961,1.95685989610042,2.43704894106773,NA
265,0.626571204640561,0.78348675223628,0.506317448897292,1.23722196187669,2.78926398540168,2.26286893352132,-0.00733907072753454,1.21415640997273,1.76506413964726,1.50832556119243,NA
266,2.47914589177044,2.27616870532172,-0.594337874391493,0.939171106193162,0.952173016521878,0.490358106882512,0.135619435385709,0.626783432576823,1.35161353501615,0.665566194559453,NA
267,0.983794191462487,0.60531633723684,0.623632955602022,0.69515621483258,2.8246867664464,1.97969549333458,0.253157888353362,0.946274950111929,1.85389747025585,1.27300970887722,NA
268,2.27412507657235,2.14284570477966,0.826662652307726,0.897234128973418,0.695071854385203,0.428315899646019,-0.549104245025085,1.37354487387815,1.68434725012116,2.43233064296963,NA
269,0.315713904820798,0.116758253544963,0.524993611587442,1.40479480007905,2.41619122970593,2.41079190490367,0.970834077400594,1.21438401138265,4.15955842522097,2.48245775551185,NA
270,1.76306483413784,1.82812094291477,0.755238440828625,1.14736921564013,0.9504193810575,1.21870844331885,0.7413570264145,0.665599303635386,2.59723212724533,1.65949202723276,NA
271,0.816893230891532,1.03333554070524,-0.613492522092072,0.767164982872462,3.56483947230129,2.92997945279256,-0.259475416552095,1.18220088975066,1.39340484671866,1.34722066083472,NA
272,1.94655300955102,2.44660218137232,0.0890797906959345,1.19443555820035,1.29950201731769,1.39086790599348,-0.476505921212244,0.810310404542559,0.820005597959239,0.545701962339434,NA
273,1.60012198331226,1.26451034647478,-0.107935418224217,0.689877341733035,1.45610260867334,0.425003309801834,0.430735001337072,0.967547869874517,2.49195529429986,2.46391293346842,NA
274,0.916789809408813,0.672672566580641,0.155741789674078,0.399609543134959,2.8081987257767,2.45554763760986,0.617619415043196,1.08704833081299,3.03291713615105,2.45055394867465,NA
275,1.90039669681102,1.6486438403227,0.307038420864735,1.54223221590626,2.19169336287095,2.05638132696696,-0.348983227397554,1.4820661015228,2.15412459755784,3.01765335789575,NA
276,1.55671027265347,1.75198106762398,0.0359232123250178,1.04770495533964,1.54634863550045,0.30390432298149,1.05691746968262,0.593140797837853,3.34421453260427,1.59475263029548,NA
277,2.11020000482776,2.26664391746632,-0.457118528834401,0.981318284609847,3.15644116322964,2.09543407191887,-0.319576893297813,0.775726420223777,0.922433711523158,0.510133610536315,NA
278,1.32652632341693,0.930844091974253,-0.750596021136984,0.506039944170123,3.35531266697097,2.44448860126283,0.739600282508559,1.14450806618974,3.44847048679341,2.60171835565843,NA
279,0.322079702881791,0.0843831728734471,0.608937025751455,0.978001533876995,1.44852139917441,1.24521290986388,0.82104208632729,0.753904512274907,3.01351852531494,2.22479081412605,NA
280,1.5542470872072,0.801640195187922,-0.318722838970857,1.26186931899274,2.85415839217457,1.88154563968125,-0.897388317772677,1.01718254873004,0.747626789639023,0.885958295197896,NA
281,2.73142858264409,2.47700822362363,0.218989517168929,0.938697072919281,1.81591467179602,2.51878133487696,-0.422051741757134,0.991885075479342,0.976335956134927,0.711397649359881,NA
282,1.00076804941097,1.011988365613,-0.563460548341813,0.848373431653776,1.69352524060601,0.976300749815701,0.882697026606948,0.644777029202518,3.07968480340589,2.40969445336755,NA
283,1.71603335526565,2.02127471448838,0.0516670707721177,0.759987694150286,3.16356376694194,2.8150157488902,-0.216043614985724,1.01169284655872,1.39506061141231,1.52423889899619,NA
284,0.702542083639214,0.811231061143511,-0.44566697618518,1.16445019244238,1.9661527481085,2.93813483066289,-1.00741188040559,0.565259100424027,0.424596535293179,0.223186503866222,NA
285,1.17327685487971,0.344590917097879,-0.0668144010925155,0.744647752557175,2.46417336579319,2.34703188464895,0.324888685437174,1.35189259531358,2.76007645344746,2.73217017945765,NA
286,0.509698624697758,0.206590421108211,1.02030976954826,0.538395732752413,0.638857686381757,0.333330989642516,0.128162566542033,0.933237526113387,1.63069259852699,1.12586959122614,NA
287,0.534824174847446,0.485104665581322,-0.255201997112881,0.954916241274973,1.84142576662417,1.36385621453621,-0.292715533360335,0.723967583696859,0.947481366228889,0.584440202737807,NA
288,1.40979682804717,0.810885230064774,0.317522260760649,1.07232587529883,1.623157125848,2.01332685641523,0.463616394595018,1.27848338102915,2.63387905258965,1.735497399261,NA
289,0.784141606586545,0.0799703068897412,0.434711794775929,0.616038532792311,1.81583025939473,2.11022386959032,0.0336774482521235,1.15500212859811,1.90908871157496,1.9796699470556,NA
290,0.985674169360638,0.570902999317588,-0.630610183037736,0.560703522828368,0.862615401194211,1.05334710759851,0.697178068988942,0.684993143114269,2.53726230638323,1.75377771481109,NA
